query,prefix_len,k,method,status,visited_nodes,pruned_subtrees,emitted_subtrees,emitted_words,dp_cells,n_results,latency_ms,latency_p95_ms,throughput_qps,dict_size,candidates_generated
ra,2,1,search_dp,ok,7218.0,441.0,36.0,2780.0,21654.0,2780.0,5.965800024569035,5.965800024569035,167.6221120187882,10000,
oc,2,1,search_dp,ok,4286.0,577.0,31.0,1482.0,12858.0,1482.0,4.407600499689579,4.407600499689579,226.8808164602097,10000,
rw,2,1,search_dp,ok,2630.0,480.0,15.0,925.0,7890.0,925.0,2.834700047969818,2.834700047969818,352.7710103635795,10000,
da,2,1,search_dp,ok,6712.0,401.0,28.0,2587.0,20136.0,2587.0,7.272800430655479,7.272800430655479,137.49861687183304,10000,
in,2,1,search_dp,ok,3386.0,566.0,34.0,1016.0,10158.0,1016.0,4.395799711346626,4.395799711346626,227.48989163877445,10000,
ec,2,1,search_dp,ok,5185.0,581.0,32.0,1786.0,15555.0,1786.0,4.704499617218971,4.704499617218971,212.56245751193032,10000,
ph,2,1,search_dp,ok,4034.0,432.0,20.0,1485.0,12102.0,1485.0,3.717600367963314,3.717600367963314,268.99072009395394,10000,
fo,2,1,search_dp,ok,5334.0,401.0,23.0,2070.0,16002.0,2070.0,4.999300464987755,4.999300464987755,200.02798531583144,10000,
ra,2,1,baseline,ok,,,,,,2780.0,1.4292001724243164,1.4292001724243164,699.6920510467929,10000,3536.0
oc,2,1,baseline,ok,,,,,,1482.0,1.0692998766899109,1.0692998766899109,935.1913544548108,10000,2187.0
rw,2,1,baseline,ok,,,,,,925.0,1.8411995843052864,1.8411995843052864,543.1241721561195,10000,1530.0
da,2,1,baseline,ok,,,,,,2587.0,1.4394000172615051,1.4394000172615051,694.7339085784681,10000,3325.0
in,2,1,baseline,ok,,,,,,1016.0,1.5692999586462975,1.5692999586462975,637.2268058062116,10000,1681.0
ec,2,1,baseline,ok,,,,,,1786.0,1.7642993479967117,1.7642993479967117,566.797239445482,10000,2337.0
ph,2,1,baseline,ok,,,,,,1485.0,1.1184997856616974,1.1184997856616974,894.0547086545987,10000,2320.0
fo,2,1,baseline,ok,,,,,,2070.0,1.8702996894717216,1.8702996894717216,534.6736705508712,10000,2631.0
ra,2,1,get_noise,ok,,,,,,1383.0,2.608399838209152,2.608399838209152,383.37680648169703,10000,
oc,2,1,get_noise,ok,,,,,,514.0,1.3102004304528236,1.3102004304528236,763.2420023357694,10000,
rw,2,1,get_noise,ok,,,,,,444.0,1.4746002852916718,1.4746002852916718,678.1498755794712,10000,
da,2,1,get_noise,ok,,,,,,1304.0,2.3145992308855057,2.3145992308855057,432.0402368825751,10000,
in,2,1,get_noise,ok,,,,,,450.0,0.9968001395463943,0.9968001395463943,1003.2101324294174,10000,
ec,2,1,get_noise,ok,,,,,,562.0,2.0801005885004997,2.0801005885004997,480.74598196276594,10000,
ph,2,1,get_noise,ok,,,,,,666.0,1.1924002319574356,1.1924002319574356,838.6445869424289,10000,
fo,2,1,get_noise,ok,,,,,,1046.0,1.733800396323204,1.733800396323204,576.767661445145,10000,
cst,3,1,search_dp,ok,1223.0,579.0,17.0,234.0,4892.0,234.0,2.069300040602684,2.069300040602684,483.25519759268445,10000,
ohb,3,1,search_dp,ok,893.0,725.0,5.0,26.0,3572.0,26.0,1.96050014346838,1.96050014346838,510.0739233973581,10000,
com,3,1,search_dp,ok,2239.0,733.0,17.0,535.0,8956.0,535.0,3.8005998358130455,3.8005998358130455,263.11636141669055,10000,
nav,3,1,search_dp,ok,1124.0,769.0,15.0,96.0,4496.0,96.0,2.254599705338478,2.254599705338478,443.5377143145116,10000,
iii,3,1,search_dp,ok,780.0,688.0,4.0,10.0,3120.0,10.0,1.813800074160099,1.813800074160099,551.3286796302848,10000,
opw,3,1,search_dp,ok,953.0,732.0,3.0,50.0,3812.0,50.0,2.47849989682436,2.47849989682436,403.4698574251607,10000,
for,3,1,search_dp,ok,1627.0,686.0,23.0,333.0,6508.0,333.0,3.4311003983020782,3.4311003983020782,291.4516871890027,10000,
dzc,3,1,search_dp,ok,726.0,545.0,6.0,41.0,2904.0,41.0,2.146400511264801,2.146400511264801,465.8962736692296,10000,
cst,3,1,baseline,ok,,,,,,234.0,3.159300424158573,3.159300424158573,316.5257701841803,10000,236.0
ohb,3,1,baseline,ok,,,,,,26.0,1.8106000497937202,1.8106000497937202,552.303088754432,10000,27.0
com,3,1,baseline,ok,,,,,,535.0,1.867600716650486,1.867600716650486,535.4463569672886,10000,1099.0
nav,3,1,baseline,ok,,,,,,96.0,3.2604997977614403,3.2604997977614403,306.7014451853576,10000,141.0
iii,3,1,baseline,ok,,,,,,10.0,2.1493006497621536,2.1493006497621536,465.26762094017056,10000,12.0
opw,3,1,baseline,ok,,,,,,50.0,1.7940998077392578,1.7940998077392578,557.3825913621263,10000,84.0
for,3,1,baseline,ok,,,,,,333.0,1.7701005563139915,1.7701005563139915,564.9396563562311,10000,461.0
dzc,3,1,baseline,ok,,,,,,41.0,1.6620997339487076,1.6620997339487076,601.6486132419176,10000,41.0
cst,3,1,get_noise,ok,,,,,,124.0,0.45010074973106384,0.45010074973106384,2221.7248040522086,10000,
ohb,3,1,get_noise,ok,,,,,,10.0,0.521400012075901,0.521400012075901,1917.9132658984834,10000,
com,3,1,get_noise,ok,,,,,,202.0,0.7483996450901031,0.7483996450901031,1336.1844925509092,10000,
nav,3,1,get_noise,ok,,,,,,69.0,0.42499974370002747,0.42499974370002747,2352.9425954332296,10000,
iii,3,1,get_noise,ok,,,,,,6.0,0.31930021941661835,0.31930021941661835,3131.8487717517487,10000,
opw,3,1,get_noise,ok,,,,,,27.0,0.3209998831152916,0.3209998831152916,3115.2659318596575,10000,
for,3,1,get_noise,ok,,,,,,210.0,0.6066998466849327,0.6066998466849327,1648.2615010768468,10000,
dzc,3,1,get_noise,ok,,,,,,23.0,0.2613002434372902,0.2613002434372902,3827.0151869949996,10000,
cst,3,2,search_dp,ok,10615.0,1388.0,167.0,3552.0,42460.0,3552.0,12.260199524462223,12.260199524462223,81.56474109615795,10000,
ohb,3,2,search_dp,ok,6706.0,1730.0,86.0,1736.0,26824.0,1736.0,9.372299537062645,9.372299537062645,106.69740078680927,10000,
com,3,2,search_dp,ok,9677.0,1388.0,113.0,3150.0,38708.0,3150.0,11.266500689089298,11.266500689089298,88.7587040196447,10000,
nav,3,2,search_dp,ok,8886.0,1609.0,85.0,2662.0,35544.0,2662.0,12.173600494861603,12.173600494861603,82.14496610284635,10000,
iii,3,2,search_dp,ok,6597.0,1396.0,136.0,1887.0,26388.0,1887.0,8.437300100922585,8.437300100922585,118.52132649526762,10000,
opw,3,2,search_dp,ok,6560.0,1813.0,73.0,1668.0,26240.0,1668.0,13.181699439883232,13.181699439883232,75.86275233786232,10000,
for,3,2,search_dp,ok,11537.0,1251.0,147.0,4067.0,46148.0,4067.0,19.333000294864178,19.333000294864178,51.725028952989284,10000,
dzc,3,2,search_dp,ok,7517.0,1490.0,112.0,2209.0,30068.0,2209.0,14.617100358009338,14.617100358009338,68.4130214274719,10000,
cst,3,2,baseline,ok,,,,,,3552.0,200.19009988754988,200.19009988754988,4.995252015767597,10000,7227.0
ohb,3,2,baseline,ok,,,,,,1736.0,197.49849941581488,197.49849941581488,5.0633296098852485,10000,3018.0
com,3,2,baseline,ok,,,,,,3150.0,178.08880005031824,178.08880005031824,5.6151762475655635,10000,7306.0
nav,3,2,baseline,ok,,,,,,2662.0,190.71799982339144,190.71799982339144,5.243343580186555,10000,5407.0
iii,3,2,baseline,ok,,,,,,1887.0,157.6407002285123,157.6407002285123,6.343539444765364,10000,3708.0
opw,3,2,baseline,ok,,,,,,1668.0,180.29560055583715,180.29560055583715,5.5464470398450025,10000,3263.0
for,3,2,baseline,ok,,,,,,4067.0,206.32230024784803,206.32230024784803,4.846785823920796,10000,7230.0
dzc,3,2,baseline,ok,,,,,,2209.0,203.73130030930042,203.73130030930042,4.908425943788813,10000,3470.0
cst,3,2,get_noise,ok,,,,,,1754.0,11.082800105214119,11.082800105214119,90.22990494338434,10000,
ohb,3,2,get_noise,ok,,,,,,807.0,5.058299750089645,5.058299750089645,197.69488749303113,10000,
com,3,2,get_noise,ok,,,,,,1755.0,10.288800112903118,10.288800112903118,97.19306323639299,10000,
nav,3,2,get_noise,ok,,,,,,1661.0,6.4844004809856415,6.4844004809856415,154.21626146199995,10000,
iii,3,2,get_noise,ok,,,,,,1286.0,5.3961994126439095,5.3961994126439095,185.31561262485707,10000,
opw,3,2,get_noise,ok,,,,,,752.0,4.209199920296669,4.209199920296669,237.57484057196288,10000,
for,3,2,get_noise,ok,,,,,,2204.0,6.589599885046482,6.589599885046482,151.75428211798723,10000,
dzc,3,2,get_noise,ok,,,,,,714.0,3.778299316763878,3.778299316763878,264.66934357559114,10000,
arti,4,1,search_dp,ok,1317.0,976.0,13.0,65.0,6585.0,65.0,3.487600013613701,3.487600013613701,286.7301284827795,10000,
erfu,4,1,search_dp,ok,996.0,850.0,2.0,6.0,4980.0,6.0,2.8772996738553047,2.8772996738553047,347.54808791261433,10000,
tick,4,1,search_dp,ok,960.0,764.0,13.0,29.0,4800.0,29.0,2.7560004964470863,2.7560004964470863,362.8446371069801,10000,
zell,4,1,search_dp,ok,853.0,693.0,12.0,30.0,4265.0,30.0,2.3688003420829773,2.3688003420829773,422.1546165096639,10000,
peri,4,1,search_dp,ok,1261.0,832.0,14.0,103.0,6305.0,103.0,3.5409005358815193,3.5409005358815193,282.4140327768474,10000,
tere,4,1,search_dp,ok,1153.0,815.0,14.0,75.0,5765.0,75.0,4.452500492334366,4.452500492334366,224.59290048853381,10000,
acti,4,1,search_dp,ok,1144.0,864.0,11.0,47.0,5720.0,47.0,3.2353000715374947,3.2353000715374947,309.0903402739936,10000,
aopu,4,1,search_dp,ok,1183.0,1043.0,1.0,4.0,5915.0,4.0,3.3762995153665543,3.3762995153665543,296.18225381033267,10000,
arti,4,1,baseline,ok,,,,,,65.0,6.128099747002125,6.128099747002125,163.18272242373362,10000,81.0
erfu,4,1,baseline,ok,,,,,,6.0,3.3336998894810677,3.3336998894810677,299.96701357411706,10000,6.0
tick,4,1,baseline,ok,,,,,,29.0,4.226000048220158,4.226000048220158,236.6303806411845,10000,33.0
zell,4,1,baseline,ok,,,,,,30.0,3.4859003499150276,3.4859003499150276,286.8699330502595,10000,30.0
peri,4,1,baseline,ok,,,,,,103.0,4.524599760770798,4.524599760770798,221.01402397405488,10000,160.0
tere,4,1,baseline,ok,,,,,,75.0,3.482399508357048,3.482399508357048,287.1583221856666,10000,93.0
acti,4,1,baseline,ok,,,,,,47.0,3.4227995201945305,3.4227995201945305,292.1585077069212,10000,73.0
aopu,4,1,baseline,ok,,,,,,4.0,3.948899917304516,3.948899917304516,253.2350834261181,10000,4.0
arti,4,1,get_noise,ok,,,,,,44.0,0.43769925832748413,0.43769925832748413,2284.673736531227,10000,
erfu,4,1,get_noise,ok,,,,,,5.0,0.3110002726316452,0.3110002726316452,3215.431264860721,10000,
tick,4,1,get_noise,ok,,,,,,29.0,0.34299958497285843,0.34299958497285843,2915.455422720497,10000,
zell,4,1,get_noise,ok,,,,,,28.0,0.31009968370199203,0.31009968370199203,3224.769493673547,10000,
peri,4,1,get_noise,ok,,,,,,59.0,0.45549962669610977,0.45549962669610977,2195.391480896115,10000,
tere,4,1,get_noise,ok,,,,,,47.0,0.4433002322912216,0.4433002322912216,2255.80752536818,10000,
acti,4,1,get_noise,ok,,,,,,34.0,0.3968002274632454,0.3968002274632454,2520.1598456559036,10000,
aopu,4,1,get_noise,ok,,,,,,1.0,0.3391997888684273,0.3391997888684273,2948.1150425712426,10000,
arti,4,2,search_dp,ok,6007.0,2529.0,167.0,787.0,30035.0,787.0,16.271499916911125,16.271499916911125,61.45714931668287,10000,
erfu,4,2,search_dp,ok,4468.0,2571.0,49.0,258.0,22340.0,258.0,13.001599349081516,13.001599349081516,76.91361448317848,10000,
tick,4,2,search_dp,ok,4107.0,2280.0,83.0,283.0,20535.0,283.0,11.893500573933125,11.893500573933125,84.07953518678015,10000,
zell,4,2,search_dp,ok,4157.0,2188.0,88.0,390.0,20785.0,390.0,15.029999427497387,15.029999427497387,66.53360200203998,10000,
peri,4,2,search_dp,ok,6250.0,2224.0,155.0,1077.0,31250.0,1077.0,16.690299846231937,16.690299846231937,59.91504102460829,10000,
tere,4,2,search_dp,ok,6832.0,2254.0,162.0,1353.0,34160.0,1353.0,22.313999943435192,22.313999943435192,44.814914517116925,10000,
acti,4,2,search_dp,ok,5422.0,2354.0,136.0,631.0,27110.0,631.0,23.512099869549274,23.512099869549274,42.53129263435584,10000,
aopu,4,2,search_dp,ok,5295.0,2670.0,74.0,473.0,26475.0,473.0,22.172500379383564,22.172500379383564,45.10091252179299,10000,
arti,4,2,baseline,ok,,,,,,787.0,456.6653994843364,456.6653994843364,2.189787098232521,10000,1190.0
erfu,4,2,baseline,ok,,,,,,258.0,495.121699757874,495.121699757874,2.0197054592618806,10000,338.0
tick,4,2,baseline,ok,,,,,,283.0,444.65040042996407,444.65040042996407,2.2489578307655385,10000,474.0
zell,4,2,baseline,ok,,,,,,390.0,505.77810034155846,505.77810034155846,1.9771516388801476,10000,583.0
peri,4,2,baseline,ok,,,,,,1077.0,498.29949997365475,498.29949997365475,2.0068252126539767,10000,1923.0
tere,4,2,baseline,ok,,,,,,1353.0,520.0650002807379,520.0650002807379,1.9228365674678876,10000,2078.0
acti,4,2,baseline,ok,,,,,,631.0,423.45849983394146,423.45849983394146,2.361506500382324,10000,1011.0
aopu,4,2,baseline,ok,,,,,,473.0,432.04119987785816,432.04119987785816,2.314594071775351,10000,656.0
arti,4,2,get_noise,ok,,,,,,548.0,5.250600166618824,5.250600166618824,190.45441821252976,10000,
erfu,4,2,get_noise,ok,,,,,,151.0,3.8750004023313522,3.8750004023313522,258.0644893348555,10000,
tick,4,2,get_noise,ok,,,,,,255.0,3.7773000076413155,3.7773000076413155,264.7393635604911,10000,
zell,4,2,get_noise,ok,,,,,,289.0,3.871699795126915,3.871699795126915,258.284488187499,10000,
peri,4,2,get_noise,ok,,,,,,660.0,4.939200356602669,4.939200356602669,202.46192253837424,10000,
tere,4,2,get_noise,ok,,,,,,734.0,5.067000165581703,5.067000165581703,197.3554306930238,10000,
acti,4,2,get_noise,ok,,,,,,382.0,4.473299719393253,4.473299719393253,223.54862466842204,10000,
aopu,4,2,get_noise,ok,,,,,,260.0,4.377600736916065,4.377600736916065,228.43563406024109,10000,
legis,5,1,search_dp,ok,988.0,804.0,6.0,13.0,5928.0,13.0,3.361700102686882,3.361700102686882,297.4685336151006,10000,
geram,5,1,search_dp,ok,936.0,787.0,4.0,6.0,5616.0,6.0,3.5621002316474915,3.5621002316474915,280.733257058714,10000,
pride,5,1,search_dp,ok,903.0,738.0,7.0,13.0,5418.0,13.0,3.159100189805031,3.159100189805031,316.54583264790875,10000,
delti,5,1,search_dp,ok,1023.0,820.0,7.0,15.0,6138.0,15.0,3.4191999584436417,3.4191999584436417,292.46607749000503,10000,
billy,5,1,search_dp,ok,951.0,787.0,3.0,7.0,5706.0,7.0,3.345099277794361,3.345099277794361,298.9447896623757,10000,
ehade,5,1,search_dp,ok,935.0,806.0,2.0,5.0,5610.0,5.0,3.2387999817728996,3.2387999817728996,308.7563312423529,10000,
sexca,5,1,search_dp,ok,995.0,852.0,2.0,4.0,5970.0,4.0,3.482099622488022,3.482099622488022,287.18305287471424,10000,
infvu,5,1,search_dp,ok,943.0,803.0,1.0,3.0,5658.0,3.0,3.6097997799515724,3.6097997799515724,277.02367470735885,10000,
legis,5,1,baseline,ok,,,,,,13.0,5.832300521433353,5.832300521433353,171.45892882663713,10000,20.0
geram,5,1,baseline,ok,,,,,,6.0,5.981799215078354,5.981799215078354,167.17378234282666,10000,9.0
pride,5,1,baseline,ok,,,,,,13.0,5.894799716770649,5.894799716770649,169.6410477110884,10000,14.0
delti,5,1,baseline,ok,,,,,,15.0,5.9275999665260315,5.9275999665260315,168.70234254118645,10000,16.0
billy,5,1,baseline,ok,,,,,,7.0,6.2720999121665955,6.2720999121665955,159.4362357111378,10000,11.0
ehade,5,1,baseline,ok,,,,,,5.0,5.813700146973133,5.813700146973133,172.00749517854715,10000,5.0
sexca,5,1,baseline,ok,,,,,,4.0,5.876500159502029,5.876500159502029,170.16931385308416,10000,6.0
infvu,5,1,baseline,ok,,,,,,3.0,5.985800176858902,5.985800176858902,167.0620419081143,10000,3.0
legis,5,1,get_noise,ok,,,,,,7.0,0.3322996199131012,0.3322996199131012,3009.3323617448236,10000,
geram,5,1,get_noise,ok,,,,,,6.0,0.3137001767754555,0.3137001767754555,3187.7572090620574,10000,
pride,5,1,get_noise,ok,,,,,,13.0,0.3216993063688278,0.3216993063688278,3108.492869591398,10000,
delti,5,1,get_noise,ok,,,,,,10.0,0.3570001572370529,0.3570001572370529,2801.1192144545375,10000,
billy,5,1,get_noise,ok,,,,,,7.0,0.32110046595335007,0.32110046595335007,3114.2900930741143,10000,
ehade,5,1,get_noise,ok,,,,,,5.0,0.3011999651789665,0.3011999651789665,3320.0535046736195,10000,
sexca,5,1,get_noise,ok,,,,,,4.0,0.3376007080078125,0.3376007080078125,2962.0790960451977,10000,
infvu,5,1,get_noise,ok,,,,,,1.0,0.32299943268299103,0.32299943268299103,3095.98066997676,10000,
legis,5,2,search_dp,ok,4071.0,2500.0,35.0,94.0,24426.0,94.0,15.141700394451618,15.141700394451618,66.04278079405339,10000,
geram,5,2,search_dp,ok,4118.0,2509.0,32.0,104.0,24708.0,104.0,15.549800358712673,15.549800358712673,64.30950732043915,10000,
pride,5,2,search_dp,ok,4264.0,2399.0,60.0,270.0,25584.0,270.0,14.277399517595768,14.277399517595768,70.04076609102232,10000,
delti,5,2,search_dp,ok,4373.0,2397.0,73.0,202.0,26238.0,202.0,15.377099625766277,15.377099625766277,65.03176960136055,10000,
billy,5,2,search_dp,ok,3784.0,2372.0,27.0,72.0,22704.0,72.0,13.846700079739094,13.846700079739094,72.21937315326342,10000,
ehade,5,2,search_dp,ok,3913.0,2491.0,42.0,80.0,23478.0,80.0,14.44770023226738,14.44770023226738,69.21516808374858,10000,
sexca,5,2,search_dp,ok,4028.0,2494.0,21.0,113.0,24168.0,113.0,14.652900397777557,14.652900397777557,68.24587439027924,10000,
infvu,5,2,search_dp,ok,3810.0,2391.0,9.0,74.0,22860.0,74.0,14.45430051535368,14.45430051535368,69.18356228568638,10000,
legis,5,2,baseline,ok,,,,,,94.0,925.7105002179742,925.7105002179742,1.080251331020371,10000,158.0
geram,5,2,baseline,ok,,,,,,104.0,915.9313999116421,915.9313999116421,1.0917848215450063,10000,159.0
pride,5,2,baseline,ok,,,,,,270.0,885.8641004189849,885.8641004189849,1.1288413194834654,10000,411.0
delti,5,2,baseline,ok,,,,,,202.0,899.0485006943345,899.0485006943345,1.1122870448342894,10000,281.0
billy,5,2,baseline,ok,,,,,,72.0,875.0770995393395,875.0770995393395,1.1427564502904062,10000,127.0
ehade,5,2,baseline,ok,,,,,,80.0,887.6261999830604,887.6261999830604,1.1266003640035458,10000,99.0
sexca,5,2,baseline,ok,,,,,,113.0,972.5045002996922,972.5045002996922,1.0282728765695528,10000,170.0
infvu,5,2,baseline,ok,,,,,,74.0,877.1377997472882,877.1377997472882,1.1400717199602042,10000,146.0
legis,5,2,get_noise,ok,,,,,,71.0,3.6393003538250923,3.6393003538250923,274.7780899559302,10000,
geram,5,2,get_noise,ok,,,,,,78.0,3.849700093269348,3.849700093269348,259.7604945248482,10000,
pride,5,2,get_noise,ok,,,,,,185.0,3.9876997470855713,3.9876997470855713,250.7711371024999,10000,
delti,5,2,get_noise,ok,,,,,,149.0,4.004699178040028,4.004699178040028,249.70664600316326,10000,
billy,5,2,get_noise,ok,,,,,,65.0,3.9739999920129776,3.9739999920129776,251.6356321111775,10000,
ehade,5,2,get_noise,ok,,,,,,70.0,3.7898998707532883,3.7898998707532883,263.85921372673045,10000,
sexca,5,2,get_noise,ok,,,,,,61.0,3.7738000974059105,3.7738000974059105,264.98488902138575,10000,
infvu,5,2,get_noise,ok,,,,,,42.0,3.3990005031228065,3.3990005031228065,294.2041341509827,10000,
ruling,6,1,search_dp,ok,893.0,759.0,1.0,1.0,6251.0,1.0,3.9646001532673836,3.9646001532673836,252.23224570978752,10000,
otpimi,6,1,search_dp,ok,887.0,756.0,1.0,2.0,6209.0,2.0,3.5530002787709236,3.5530002787709236,281.45227175324806,10000,
attorn,6,1,search_dp,ok,1054.0,896.0,1.0,2.0,7378.0,2.0,4.290599375963211,4.290599375963211,233.06767012604308,10000,
patriy,6,1,search_dp,ok,1069.0,896.0,1.0,2.0,7483.0,2.0,4.27709985524416,4.27709985524416,233.80328583488605,10000,
sexual,6,1,search_dp,ok,994.0,849.0,1.0,3.0,6958.0,3.0,4.018000327050686,4.018000327050686,248.8800195628718,10000,
meeutp,6,1,search_dp,ok,906.0,771.0,1.0,1.0,6342.0,1.0,3.779900260269642,3.779900260269642,264.5572452032542,10000,
libert,6,1,search_dp,ok,932.0,784.0,1.0,3.0,6524.0,3.0,3.8159992545843124,3.8159992545843124,262.05455852714334,10000,
gemesp,6,1,search_dp,ok,876.0,746.0,1.0,1.0,6132.0,1.0,3.8978997617959976,3.8978997617959976,256.54841353314833,10000,
ruling,6,1,baseline,ok,,,,,,1.0,10.303200222551823,10.303200222551823,97.05722284336305,10000,2.0
otpimi,6,1,baseline,ok,,,,,,2.0,10.10079961270094,10.10079961270094,99.0020630389084,10000,2.0
attorn,6,1,baseline,ok,,,,,,2.0,10.250099934637547,10.250099934637547,97.56002442676292,10000,6.0
patriy,6,1,baseline,ok,,,,,,2.0,10.137200355529785,10.137200355529785,98.64656561261569,10000,4.0
sexual,6,1,baseline,ok,,,,,,3.0,33.44379924237728,33.44379924237728,29.900909066960335,10000,8.0
meeutp,6,1,baseline,ok,,,,,,1.0,9.476800449192524,9.476800449192524,105.52084591854053,10000,1.0
libert,6,1,baseline,ok,,,,,,3.0,9.459299966692924,9.459299966692924,105.71606815737877,10000,7.0
gemesp,6,1,baseline,ok,,,,,,1.0,9.727300144731998,9.727300144731998,102.80344855417756,10000,1.0
ruling,6,1,get_noise,ok,,,,,,1.0,0.30030030757188797,0.30030030757188797,3329.9999193660933,10000,
otpimi,6,1,get_noise,ok,,,,,,1.0,0.2880999818444252,0.2880999818444252,3471.017226720975,10000,
attorn,6,1,get_noise,ok,,,,,,2.0,0.3489004448056221,0.3489004448056221,2866.147105536411,10000,
patriy,6,1,get_noise,ok,,,,,,2.0,0.5279006436467171,0.5279006436467171,1894.2958528939064,10000,
sexual,6,1,get_noise,ok,,,,,,3.0,0.3332998603582382,0.3332998603582382,3000.3012870307757,10000,
meeutp,6,1,get_noise,ok,,,,,,1.0,0.3095995634794235,0.3095995634794235,3229.978714315796,10000,
libert,6,1,get_noise,ok,,,,,,3.0,0.31530018895864487,0.31530018895864487,3171.5807190054084,10000,
gemesp,6,1,get_noise,ok,,,,,,1.0,0.299699604511261,0.299699604511261,3336.674406463642,10000,
ruling,6,2,search_dp,ok,3993.0,2596.0,21.0,27.0,27951.0,27.0,16.61369949579239,16.61369949579239,60.19128973972724,10000,
otpimi,6,2,search_dp,ok,3654.0,2417.0,3.0,7.0,25578.0,7.0,15.161700546741486,15.161700546741486,65.95566222384714,10000,
attorn,6,2,search_dp,ok,4038.0,2566.0,9.0,24.0,28266.0,24.0,16.823500394821167,16.823500394821167,59.44066196282394,10000,
patriy,6,2,search_dp,ok,4199.0,2643.0,8.0,26.0,29393.0,26.0,17.448200844228268,17.448200844228268,57.31249937616304,10000,
sexual,6,2,search_dp,ok,3839.0,2527.0,5.0,10.0,26873.0,10.0,16.456699930131435,16.456699930131435,60.76552433024847,10000,
meeutp,6,2,search_dp,ok,3690.0,2466.0,1.0,5.0,25830.0,5.0,15.633899718523026,15.633899718523026,63.963567504222965,10000,
libert,6,2,search_dp,ok,3806.0,2388.0,11.0,22.0,26642.0,22.0,15.822299756109715,15.822299756109715,63.20193748155063,10000,
gemesp,6,2,search_dp,ok,3624.0,2366.0,4.0,6.0,25368.0,6.0,16.32539927959442,16.32539927959442,61.25424455926957,10000,
ruling,6,2,baseline,ok,,,,,,27.0,1674.771400168538,1674.771400168538,0.5970964156059546,10000,29.0
otpimi,6,2,baseline,ok,,,,,,7.0,1807.51879978925,1807.51879978925,0.5532445914900561,10000,13.0
attorn,6,2,baseline,ok,,,,,,24.0,1671.900799497962,1671.900799497962,0.5981216112225557,10000,39.0
patriy,6,2,baseline,ok,,,,,,26.0,1712.18269970268,1712.18269970268,0.584049821420138,10000,55.0
sexual,6,2,baseline,ok,,,,,,10.0,1753.350199200213,1753.350199200213,0.5703367190742317,10000,21.0
meeutp,6,2,baseline,ok,,,,,,5.0,1680.002499371767,1680.002499371767,0.5952372096910258,10000,10.0
libert,6,2,baseline,ok,,,,,,22.0,1835.5563003569841,1835.5563003569841,0.5447939678044836,10000,40.0
gemesp,6,2,baseline,ok,,,,,,6.0,1778.319200500846,1778.319200500846,0.5623287426230116,10000,10.0
ruling,6,2,get_noise,ok,,,,,,22.0,3.371800296008587,3.371800296008587,296.5774696632429,10000,
otpimi,6,2,get_noise,ok,,,,,,6.0,3.2294997945427895,3.2294997945427895,309.64547565223586,10000,
attorn,6,2,get_noise,ok,,,,,,16.0,3.853200003504753,3.853200003504753,259.52455078647114,10000,
patriy,6,2,get_noise,ok,,,,,,19.0,3.975500352680683,3.975500352680683,251.5406643910116,10000,
sexual,6,2,get_noise,ok,,,,,,8.0,3.7800008431077003,3.7800008431077003,264.5502055438319,10000,
meeutp,6,2,get_noise,ok,,,,,,5.0,3.530999645590782,3.530999645590782,283.2059191081247,10000,
libert,6,2,get_noise,ok,,,,,,22.0,3.6372998729348183,3.6372998729348183,274.9292153338825,10000,
gemesp,6,2,get_noise,ok,,,,,,6.0,3.4119002521038055,3.4119002521038055,293.0918040125563,10000,
keyword,7,1,search_dp,ok,780.0,681.0,1.0,2.0,6240.0,2.0,3.614700399339199,3.614700399339199,276.6481006787753,10000,
psychlo,7,1,search_dp,ok,731.0,605.0,1.0,2.0,5848.0,2.0,3.436800092458725,3.436800092458725,290.96833481652664,10000,
technic,7,1,search_dp,ok,944.0,800.0,1.0,4.0,7552.0,4.0,4.225600510835648,4.225600510835648,236.65275442761666,10000,
yponsor,7,1,search_dp,ok,637.0,543.0,1.0,4.0,5096.0,4.0,2.911999821662903,2.911999821662903,343.40661443754766,10000,
protect,7,1,search_dp,ok,948.0,763.0,3.0,12.0,7584.0,12.0,4.27279993891716,4.27279993891716,234.03857290201756,10000,
travesl,7,1,search_dp,ok,894.0,732.0,2.0,8.0,7152.0,8.0,3.9232000708580017,3.9232000708580017,254.89395950721945,10000,
propose,7,1,search_dp,ok,917.0,755.0,1.0,5.0,7336.0,5.0,4.260099492967129,4.260099492967129,234.73630173447128,10000,
faeorit,7,1,search_dp,ok,894.0,772.0,1.0,2.0,7152.0,2.0,3.9619002491235733,3.9619002491235733,252.40413365309075,10000,
keyword,7,1,baseline,ok,,,,,,2.0,14.573000371456146,14.573000371456146,68.62004902975784,10000,5.0
psychlo,7,1,baseline,ok,,,,,,2.0,14.207200147211552,14.207200147211552,70.3868453768683,10000,6.0
technic,7,1,baseline,ok,,,,,,4.0,14.846700243651867,14.846700243651867,67.35503402027523,10000,10.0
yponsor,7,1,baseline,ok,,,,,,4.0,15.404299832880497,15.404299832880497,64.91693948111156,10000,4.0
protect,7,1,baseline,ok,,,,,,12.0,14.393499121069908,14.393499121069908,69.47580929338795,10000,21.0
travesl,7,1,baseline,ok,,,,,,8.0,14.871000312268734,14.871000312268734,67.24497202619176,10000,12.0
propose,7,1,baseline,ok,,,,,,5.0,14.761100523173809,14.761100523173809,67.74562631221674,10000,11.0
faeorit,7,1,baseline,ok,,,,,,2.0,14.5388999953866,14.5388999953866,68.78099445744273,10000,2.0
keyword,7,1,get_noise,ok,,,,,,2.0,0.4159994423389435,0.4159994423389435,2403.8493762816897,10000,
psychlo,7,1,get_noise,ok,,,,,,1.0,0.2766000106930733,0.2766000106930733,3615.3288551736214,10000,
technic,7,1,get_noise,ok,,,,,,4.0,0.3126002848148346,0.3126002848148346,3198.973412939592,10000,
yponsor,7,1,get_noise,ok,,,,,,4.0,0.2180999144911766,0.2180999144911766,4585.054525734148,10000,
protect,7,1,get_noise,ok,,,,,,12.0,0.3557000309228897,0.3557000309228897,2811.3576414526224,10000,
travesl,7,1,get_noise,ok,,,,,,8.0,0.33299997448921204,0.33299997448921204,3003.003233059996,10000,
propose,7,1,get_noise,ok,,,,,,5.0,0.33549964427948,0.33549964427948,2980.6290917166334,10000,
faeorit,7,1,get_noise,ok,,,,,,2.0,0.2976004034280777,0.2976004034280777,3360.2104986449526,10000,
keyword,7,2,search_dp,ok,3241.0,2241.0,2.0,4.0,25928.0,4.0,15.403300523757935,15.403300523757935,64.92115105185461,10000,
psychlo,7,2,search_dp,ok,3074.0,2062.0,1.0,3.0,24592.0,3.0,16.252100467681885,16.252100467681885,61.5305081326903,10000,
technic,7,2,search_dp,ok,3929.0,2567.0,3.0,11.0,31432.0,11.0,19.951599650084972,19.951599650084972,50.121294409380404,10000,
yponsor,7,2,search_dp,ok,2990.0,2044.0,2.0,5.0,23920.0,5.0,14.078900218009949,14.078900218009949,71.02827525695398,10000,
protect,7,2,search_dp,ok,3933.0,2509.0,9.0,31.0,31464.0,31.0,18.8485998660326,18.8485998660326,53.054338630325425,10000,
travesl,7,2,search_dp,ok,4029.0,2631.0,4.0,15.0,32232.0,15.0,19.02890019118786,19.02890019118786,52.55164460125197,10000,
propose,7,2,search_dp,ok,3745.0,2455.0,7.0,21.0,29960.0,21.0,18.463900312781334,18.463900312781334,54.15973781594598,10000,
faeorit,7,2,search_dp,ok,3877.0,2547.0,3.0,5.0,31016.0,5.0,18.55930034071207,18.55930034071207,53.88134151837497,10000,
keyword,7,2,baseline,ok,,,,,,4.0,2854.0590004995465,2854.0590004995465,0.35037818062800025,10000,9.0
psychlo,7,2,baseline,ok,,,,,,3.0,3100.293600000441,3100.293600000441,0.32255009654564903,10000,13.0
technic,7,2,baseline,ok,,,,,,11.0,2922.001799568534,2922.001799568534,0.34223113762204427,10000,32.0
yponsor,7,2,baseline,ok,,,,,,5.0,2897.978600114584,2897.978600114584,0.3450681105652266,10000,12.0
protect,7,2,baseline,ok,,,,,,31.0,3072.280300781131,3072.280300781131,0.325491134303647,10000,69.0
travesl,7,2,baseline,ok,,,,,,15.0,3012.383599765599,3012.383599765599,0.33196303421576606,10000,33.0
propose,7,2,baseline,ok,,,,,,21.0,3104.44900020957,3104.44900020957,0.32211835334788674,10000,37.0
faeorit,7,2,baseline,ok,,,,,,5.0,3109.8571000620723,3109.8571000620723,0.32155818348696474,10000,9.0
keyword,7,2,get_noise,ok,,,,,,4.0,4.849500022828579,4.849500022828579,206.20682447522245,10000,
psychlo,7,2,get_noise,ok,,,,,,2.0,4.976499825716019,4.976499825716019,200.94444590000967,10000,
technic,7,2,get_noise,ok,,,,,,9.0,3.619999624788761,3.619999624788761,276.24312255511717,10000,
yponsor,7,2,get_noise,ok,,,,,,5.0,3.3959997817873955,3.3959997817873955,294.46409430382124,10000,
protect,7,2,get_noise,ok,,,,,,29.0,3.735399805009365,3.735399805009365,267.7089608076084,10000,
travesl,7,2,get_noise,ok,,,,,,13.0,5.582400597631931,5.582400597631931,179.1344032931285,10000,
propose,7,2,get_noise,ok,,,,,,16.0,4.097800701856613,4.097800701856613,244.03334196973623,10000,
faeorit,7,2,get_noise,ok,,,,,,5.0,3.708699718117714,3.708699718117714,269.63628117822725,10000,
ch,2,1,search_dp,ok,19578.0,831.0,36.0,8014.0,58734.0,8014.0,17.635400407016277,17.635400407016277,56.70412788598483,50000,
hs,2,1,search_dp,ok,18735.0,715.0,43.0,7935.0,56205.0,7935.0,15.793399885296822,15.793399885296822,63.31758881955302,50000,
hy,2,1,search_dp,ok,7554.0,737.0,31.0,2772.0,22662.0,2772.0,6.602800451219082,6.602800451219082,151.45088926856315,50000,
ho,2,1,search_dp,ok,23574.0,720.0,42.0,9713.0,70722.0,9713.0,29.964899644255638,29.964899644255638,33.37237941298105,50000,
br,2,1,search_dp,ok,21813.0,727.0,37.0,9154.0,65439.0,9154.0,23.815100081264973,23.815100081264973,41.99016575986119,50000,
eb,2,1,search_dp,ok,14162.0,947.0,39.0,5567.0,42486.0,5567.0,14.38790000975132,14.38790000975132,69.50284609444432,50000,
na,2,1,search_dp,ok,28189.0,758.0,41.0,11751.0,84567.0,11751.0,24.296000599861145,24.296000599861145,41.159037508655445,50000,
do,2,1,search_dp,ok,24879.0,784.0,35.0,10353.0,74637.0,10353.0,19.59389913827181,19.59389913827181,51.03629415172138,50000,
ch,2,1,baseline,ok,,,,,,8014.0,2.521299757063389,2.521299757063389,396.62082907774567,50000,13270.0
hs,2,1,baseline,ok,,,,,,7935.0,2.974499948322773,2.974499948322773,336.1909623040567,50000,10481.0
hy,2,1,baseline,ok,,,,,,2772.0,2.4824002757668495,2.4824002757668495,402.8359204444116,50000,4851.0
ho,2,1,baseline,ok,,,,,,9713.0,3.3753998577594757,3.3753998577594757,296.26119634424003,50000,12106.0
br,2,1,baseline,ok,,,,,,9154.0,2.6561999693512917,2.6561999693512917,376.4776792178882,50000,12810.0
eb,2,1,baseline,ok,,,,,,5567.0,2.5206999853253365,2.5206999853253365,396.71520046878334,50000,8200.0
na,2,1,baseline,ok,,,,,,11751.0,3.0663004145026207,3.0663004145026207,326.1259057561091,50000,13847.0
do,2,1,baseline,ok,,,,,,10353.0,2.89319921284914,2.89319921284914,345.6381418738285,50000,13514.0
ch,2,1,get_noise,ok,,,,,,3007.0,4.514499567449093,4.514499567449093,221.50849392262708,50000,
hs,2,1,get_noise,ok,,,,,,3069.0,5.6237997487187386,5.6237997487187386,177.81571974141298,50000,
hy,2,1,get_noise,ok,,,,,,1411.0,3.715900704264641,3.715900704264641,269.1137572250858,50000,
ho,2,1,get_noise,ok,,,,,,4208.0,6.841500289738178,6.841500289738178,146.1667701015722,50000,
br,2,1,get_noise,ok,,,,,,3541.0,6.519499234855175,6.519499234855175,153.38601386034432,50000,
eb,2,1,get_noise,ok,,,,,,2157.0,4.197199828922749,4.197199828922749,238.2540838558691,50000,
na,2,1,get_noise,ok,,,,,,5284.0,8.528999984264374,8.528999984264374,117.2470397285679,50000,
do,2,1,get_noise,ok,,,,,,4358.0,6.608299911022186,6.608299911022186,151.32485109098474,50000,
sta,3,1,search_dp,ok,6240.0,1483.0,47.0,2093.0,24960.0,2093.0,9.460500441491604,9.460500441491604,105.70265348905089,50000,
ejd,3,1,search_dp,ok,1802.0,1285.0,15.0,180.0,7208.0,180.0,3.7954002618789673,3.7954002618789673,263.4768222060815,50000,
str,3,1,search_dp,ok,5744.0,1501.0,46.0,1787.0,22976.0,1787.0,8.100300095975399,8.100300095975399,123.45221635638485,50000,
pay,3,1,search_dp,ok,3880.0,1580.0,31.0,913.0,15520.0,913.0,6.213299930095673,6.213299930095673,160.94507125855134,50000,
clo,3,1,search_dp,ok,7904.0,1383.0,34.0,2760.0,31616.0,2760.0,9.36179980635643,9.36179980635643,106.81706730377046,50000,
nud,3,1,search_dp,ok,2481.0,1362.0,29.0,378.0,9924.0,378.0,4.311800003051758,4.311800003051758,231.9217030688416,50000,
ral,3,1,search_dp,ok,5280.0,1623.0,41.0,1519.0,21120.0,1519.0,7.890800014138222,7.890800014138222,126.7298623977626,50000,
rzp,3,1,search_dp,ok,1673.0,1122.0,16.0,194.0,6692.0,194.0,3.221699967980385,3.221699967980385,310.3951360892488,50000,
sta,3,1,baseline,ok,,,,,,2093.0,2.2919997572898865,2.2919997572898865,436.30022072184823,50000,3202.0
ejd,3,1,baseline,ok,,,,,,180.0,1.93799939006567,1.93799939006567,515.9960344291515,50000,191.0
str,3,1,baseline,ok,,,,,,1787.0,2.2748997434973717,2.2748997434973717,439.5798113118717,50000,2838.0
pay,3,1,baseline,ok,,,,,,913.0,2.147500403225422,2.147500403225422,465.6576541257257,50000,1569.0
clo,3,1,baseline,ok,,,,,,2760.0,2.972399815917015,2.972399815917015,336.42849614142165,50000,3385.0
nud,3,1,baseline,ok,,,,,,378.0,2.0506996661424637,2.0506996661424637,487.63844677513555,50000,484.0
ral,3,1,baseline,ok,,,,,,1519.0,4.1009001433849335,4.1009001433849335,243.84890268861503,50000,1900.0
rzp,3,1,baseline,ok,,,,,,194.0,1.8981005996465683,1.8981005996465683,526.8424656660468,50000,194.0
sta,3,1,get_noise,ok,,,,,,1286.0,2.6823999360203743,2.6823999360203743,372.8004860765119,50000,
ejd,3,1,get_noise,ok,,,,,,104.0,0.5669007077813148,0.5669007077813148,1763.9773354909194,50000,
str,3,1,get_noise,ok,,,,,,876.0,2.03660037368536,2.03660037368536,491.01434573069207,50000,
pay,3,1,get_noise,ok,,,,,,583.0,1.365399919450283,1.365399919450283,732.3861571652978,50000,
clo,3,1,get_noise,ok,,,,,,1078.0,2.1115001291036606,2.1115001291036606,473.5969400222124,50000,
nud,3,1,get_noise,ok,,,,,,205.0,0.7575992494821548,0.7575992494821548,1319.9590689715367,50000,
ral,3,1,get_noise,ok,,,,,,962.0,2.704099752008915,2.704099752008915,369.80884276073226,50000,
rzp,3,1,get_noise,ok,,,,,,99.0,0.8659996092319489,0.8659996092319489,1154.7349321403221,50000,
sta,3,2,search_dp,ok,53723.0,4080.0,450.0,21033.0,214892.0,21033.0,57.51069914549589,57.51069914549589,17.388068913405267,50000,
ejd,3,2,search_dp,ok,25544.0,5861.0,342.0,7910.0,102176.0,7910.0,38.64020016044378,38.64020016044378,25.87978312347632,50000,
str,3,2,search_dp,ok,48687.0,4755.0,381.0,18522.0,194748.0,18522.0,51.96740012615919,51.96740012615919,19.24283296013154,50000,
pay,3,2,search_dp,ok,40839.0,4704.0,185.0,14793.0,163356.0,14793.0,47.48320020735264,47.48320020735264,21.0600801048189,50000,
clo,3,2,search_dp,ok,43557.0,4500.0,318.0,16344.0,174228.0,16344.0,48.071700148284435,48.071700148284435,20.802259893354066,50000,
nud,3,2,search_dp,ok,31138.0,5209.0,313.0,10253.0,124552.0,10253.0,37.44139987975359,37.44139987975359,26.708403083527582,50000,
ral,3,2,search_dp,ok,51463.0,4998.0,364.0,19410.0,205852.0,19410.0,53.53019945323467,53.53019945323467,18.681043788630475,50000,
rzp,3,2,search_dp,ok,28058.0,5627.0,321.0,9042.0,112232.0,9042.0,36.92450001835823,36.92450001835823,27.082289523292587,50000,
sta,3,2,baseline,ok,,,,,,21033.0,183.99860057979822,183.99860057979822,5.434823943491411,50000,38272.0
ejd,3,2,baseline,ok,,,,,,7910.0,174.38900005072355,174.38900005072355,5.734306634645164,50000,13242.0
str,3,2,baseline,ok,,,,,,18522.0,184.0139999985695,184.0139999985695,5.434369124130631,50000,34776.0
pay,3,2,baseline,ok,,,,,,14793.0,178.62450052052736,178.62450052052736,5.598336158174902,50000,33463.0
clo,3,2,baseline,ok,,,,,,16344.0,191.16489961743355,191.16489961743355,5.23108584264809,50000,31979.0
nud,3,2,baseline,ok,,,,,,10253.0,182.21940007060766,182.21940007060766,5.487889871289846,50000,18571.0
ral,3,2,baseline,ok,,,,,,19410.0,199.87040013074875,199.87040013074875,5.003242097608412,50000,39289.0
rzp,3,2,baseline,ok,,,,,,9042.0,177.46090050786734,177.46090050786734,5.635044097816167,50000,15204.0
sta,3,2,get_noise,ok,,,,,,10480.0,30.77789954841137,30.77789954841137,32.490846180944665,50000,
ejd,3,2,get_noise,ok,,,,,,3181.0,12.188400141894817,12.188400141894817,82.04522237194449,50000,
str,3,2,get_noise,ok,,,,,,8889.0,28.30060012638569,28.30060012638569,35.33493973746738,50000,
pay,3,2,get_noise,ok,,,,,,8673.0,28.763900510966778,28.763900510966778,34.76579956945447,50000,
clo,3,2,get_noise,ok,,,,,,8489.0,28.121700510382652,28.121700510382652,35.55972725158622,50000,
nud,3,2,get_noise,ok,,,,,,4829.0,18.45099963247776,18.45099963247776,54.19760554543523,50000,
ral,3,2,get_noise,ok,,,,,,10807.0,32.89350029081106,32.89350029081106,30.40114281420376,50000,
rzp,3,2,get_noise,ok,,,,,,3216.0,12.458200566470623,12.458200566470623,80.26841393863492,50000,
katr,4,1,search_dp,ok,1844.0,1476.0,7.0,86.0,9220.0,86.0,5.288899876177311,5.288899876177311,189.07523746181707,50000,
ufch,4,1,search_dp,ok,1445.0,1267.0,4.0,7.0,7225.0,7.0,4.134899936616421,4.134899936616421,241.8438209700179,50000,
evol,4,1,search_dp,ok,1824.0,1471.0,11.0,84.0,9120.0,84.0,5.06800040602684,5.06800040602684,197.3164798508708,50000,
aere,4,1,search_dp,ok,2736.0,2106.0,31.0,138.0,13680.0,138.0,7.953899912536144,7.953899912536144,125.72448874091307,50000,
lebe,4,1,search_dp,ok,2016.0,1629.0,21.0,90.0,10080.0,90.0,5.886200815439224,5.886200815439224,169.88886912880167,50000,
roga,4,1,search_dp,ok,2210.0,1737.0,21.0,133.0,11050.0,133.0,6.163000129163265,6.163000129163265,162.2586368720014,50000,
agar,4,1,search_dp,ok,2238.0,1687.0,17.0,133.0,11190.0,133.0,6.285499781370163,6.285499781370163,159.09633836340888,50000,
naua,4,1,search_dp,ok,1988.0,1694.0,16.0,41.0,9940.0,41.0,5.834199488162994,5.834199488162994,171.4031208615509,50000,
katr,4,1,baseline,ok,,,,,,86.0,3.474099561572075,3.474099561572075,287.8443701099594,50000,111.0
ufch,4,1,baseline,ok,,,,,,7.0,3.4355996176600456,3.4355996176600456,291.0700056140682,50000,7.0
evol,4,1,baseline,ok,,,,,,84.0,3.47020011395216,3.47020011395216,288.16781948091017,50000,101.0
aere,4,1,baseline,ok,,,,,,138.0,3.4873001277446747,3.4873001277446747,286.754785469734,50000,156.0
lebe,4,1,baseline,ok,,,,,,90.0,3.5698004066944122,3.5698004066944122,280.1277063347042,50000,96.0
roga,4,1,baseline,ok,,,,,,133.0,3.3751996234059334,3.3751996234059334,296.27877209552844,50000,140.0
agar,4,1,baseline,ok,,,,,,133.0,3.6212997511029243,3.6212997511029243,276.14394519410723,50000,147.0
naua,4,1,baseline,ok,,,,,,41.0,3.4098001196980476,3.4098001196980476,293.27232239306574,50000,48.0
katr,4,1,get_noise,ok,,,,,,68.0,0.5804998800158501,0.5804998800158501,1722.6532415005768,50000,
ufch,4,1,get_noise,ok,,,,,,5.0,0.42869988828897476,0.42869988828897476,2332.634151110223,50000,
evol,4,1,get_noise,ok,,,,,,45.0,0.5391994491219521,0.5391994491219521,1854.6013012966332,50000,
aere,4,1,get_noise,ok,,,,,,94.0,0.7809000089764595,0.7809000089764595,1280.573682296046,50000,
lebe,4,1,get_noise,ok,,,,,,68.0,0.993099994957447,0.993099994957447,1006.9479459043282,50000,
roga,4,1,get_noise,ok,,,,,,94.0,0.6515001878142357,0.6515001878142357,1534.918974244614,50000,
agar,4,1,get_noise,ok,,,,,,82.0,0.6832005456089973,0.6832005456089973,1463.699065270229,50000,
naua,4,1,get_noise,ok,,,,,,41.0,0.5919001996517181,0.5919001996517181,1689.474003537105,50000,
katr,4,2,search_dp,ok,20043.0,7658.0,234.0,4173.0,100215.0,4173.0,40.89920036494732,40.89920036494732,24.450355779010547,50000,
ufch,4,2,search_dp,ok,11796.0,6666.0,145.0,1196.0,58980.0,1196.0,31.921000219881535,31.921000219881535,31.327339153275165,50000,
evol,4,2,search_dp,ok,14317.0,7800.0,169.0,1706.0,71585.0,1706.0,37.048399448394775,37.048399448394775,26.991719342502602,50000,
aere,4,2,search_dp,ok,27038.0,9293.0,432.0,5846.0,135190.0,5846.0,54.05479948967695,54.05479948967695,18.499744878176337,50000,
lebe,4,2,search_dp,ok,16775.0,7752.0,298.0,2699.0,83875.0,2699.0,40.718100033700466,40.718100033700466,24.559102688297017,50000,
roga,4,2,search_dp,ok,16148.0,8074.0,334.0,2366.0,80740.0,2366.0,42.19950083643198,42.19950083643198,23.696962764466463,50000,
agar,4,2,search_dp,ok,19127.0,7656.0,312.0,3772.0,95635.0,3772.0,43.4069000184536,43.4069000184536,23.037811950977137,50000,
naua,4,2,search_dp,ok,15789.0,8350.0,332.0,2005.0,78945.0,2005.0,41.628300212323666,41.628300212323666,24.02211944517397,50000,
katr,4,2,baseline,ok,,,,,,4173.0,434.9271999672055,434.9271999672055,2.299235366459955,50000,5853.0
ufch,4,2,baseline,ok,,,,,,1196.0,435.6510993093252,435.6510993093252,2.295414843633782,50000,1294.0
evol,4,2,baseline,ok,,,,,,1706.0,479.2729998007417,479.2729998007417,2.0864935024834512,50000,2275.0
aere,4,2,baseline,ok,,,,,,5846.0,430.37369940429926,430.37369940429926,2.323562061027771,50000,8194.0
lebe,4,2,baseline,ok,,,,,,2699.0,432.07679968327284,432.07679968327284,2.3144033670241826,50000,3917.0
roga,4,2,baseline,ok,,,,,,2366.0,417.4989005550742,417.4989005550742,2.3952158884022867,50000,3544.0
agar,4,2,baseline,ok,,,,,,3772.0,436.98380049318075,436.98380049318075,2.288414350535187,50000,4896.0
naua,4,2,baseline,ok,,,,,,2005.0,434.7931006923318,434.7931006923318,2.2999444986769,50000,3131.0
katr,4,2,get_noise,ok,,,,,,2304.0,12.853500433266163,12.853500433266163,77.79981843793296,50000,
ufch,4,2,get_noise,ok,,,,,,404.0,7.834300398826599,7.834300398826599,127.64381617914184,50000,
evol,4,2,get_noise,ok,,,,,,931.0,9.350099600851536,9.350099600851536,106.95073236534589,50000,
aere,4,2,get_noise,ok,,,,,,2945.0,17.870199866592884,17.870199866592884,55.959083136469644,50000,
lebe,4,2,get_noise,ok,,,,,,1603.0,11.186900548636913,11.186900548636913,89.39026459137037,50000,
roga,4,2,get_noise,ok,,,,,,1367.0,11.202000081539154,11.202000081539154,89.26977260498289,50000,
agar,4,2,get_noise,ok,,,,,,2337.0,12.751900590956211,12.751900590956211,78.41968284392141,50000,
naua,4,2,get_noise,ok,,,,,,1454.0,11.546100489795208,11.546100489795208,86.60932761531308,50000,
rhodi,5,1,search_dp,ok,1522.0,1358.0,2.0,7.0,9132.0,7.0,6.053299643099308,6.053299643099308,165.19915731248963,50000,
invlo,5,1,search_dp,ok,1971.0,1737.0,3.0,19.0,11826.0,19.0,7.356899790465832,7.356899790465832,135.92682087310055,50000,
north,5,1,search_dp,ok,2211.0,1797.0,7.0,57.0,13266.0,57.0,7.540499791502953,7.540499791502953,132.61720411780325,50000,
resti,5,1,search_dp,ok,2560.0,1899.0,22.0,155.0,15360.0,155.0,8.261799812316895,8.261799812316895,121.0390015150422,50000,
marke,5,1,search_dp,ok,2546.0,2120.0,20.0,75.0,15276.0,75.0,9.748900309205055,9.748900309205055,102.57567195099793,50000,
omder,5,1,search_dp,ok,1806.0,1576.0,5.0,25.0,10836.0,25.0,6.384700536727905,6.384700536727905,156.62441711204985,50000,
genes,5,1,search_dp,ok,1956.0,1652.0,7.0,50.0,11736.0,50.0,7.1195997297763824,7.1195997297763824,140.45733439447287,50000,
capvi,5,1,search_dp,ok,2276.0,1957.0,7.0,35.0,13656.0,35.0,7.8508006408810616,7.8508006408810616,127.37554368566596,50000,
rhodi,5,1,baseline,ok,,,,,,7.0,5.857699550688267,5.857699550688267,170.71548162324274,50000,14.0
invlo,5,1,baseline,ok,,,,,,19.0,5.787699483335018,5.787699483335018,172.78022172356725,50000,26.0
north,5,1,baseline,ok,,,,,,57.0,5.940400063991547,5.940400063991547,168.33883058846843,50000,109.0
resti,5,1,baseline,ok,,,,,,155.0,7.721100002527237,7.721100002527237,129.51522447224934,50000,205.0
marke,5,1,baseline,ok,,,,,,75.0,5.9112003073096275,5.9112003073096275,169.17037962043472,50000,114.0
omder,5,1,baseline,ok,,,,,,25.0,5.960899405181408,5.960899405181408,167.75991876842735,50000,25.0
genes,5,1,baseline,ok,,,,,,50.0,6.625000387430191,6.625000387430191,150.94338739924146,50000,95.0
capvi,5,1,baseline,ok,,,,,,35.0,5.941299721598625,5.941299721598625,168.31333998597364,50000,35.0
rhodi,5,1,get_noise,ok,,,,,,6.0,0.5931006744503975,0.5931006744503975,1686.0543969650005,50000,
invlo,5,1,get_noise,ok,,,,,,14.0,0.5764001980423927,0.5764001980423927,1734.9057189714092,50000,
north,5,1,get_noise,ok,,,,,,31.0,0.6536999717354774,0.6536999717354774,1529.7537757958698,50000,
resti,5,1,get_noise,ok,,,,,,90.0,0.7969001308083534,0.7969001308083534,1254.8623865648356,50000,
marke,5,1,get_noise,ok,,,,,,64.0,0.7651001214981079,0.7651001214981079,1307.0184828123479,50000,
omder,5,1,get_noise,ok,,,,,,18.0,0.5057994276285172,0.5057994276285172,1977.0682712880548,50000,
genes,5,1,get_noise,ok,,,,,,33.0,0.5831001326441765,0.5831001326441765,1714.971312843496,50000,
capvi,5,1,get_noise,ok,,,,,,22.0,0.6587998941540718,0.6587998941540718,1517.911597851794,50000,
rhodi,5,2,search_dp,ok,10946.0,7942.0,75.0,222.0,65676.0,222.0,38.85970078408718,38.85970078408718,25.733600100428312,50000,
invlo,5,2,search_dp,ok,11943.0,8350.0,39.0,308.0,71658.0,308.0,49.874600023031235,49.874600023031235,20.05028610832402,50000,
north,5,2,search_dp,ok,13627.0,9178.0,103.0,480.0,81762.0,480.0,50.16249977052212,50.16249977052212,19.935210656859006,50000,
resti,5,2,search_dp,ok,16343.0,9185.0,237.0,1329.0,98058.0,1329.0,54.20999974012375,54.20999974012375,18.446781125140756,50000,
marke,5,2,search_dp,ok,14750.0,9112.0,246.0,933.0,88500.0,933.0,51.69060081243515,51.69060081243515,19.345876896045503,50000,
omder,5,2,search_dp,ok,12076.0,7860.0,97.0,561.0,72456.0,561.0,45.013999566435814,45.013999566435814,22.215311006170598,50000,
genes,5,2,search_dp,ok,12859.0,8587.0,174.0,506.0,77154.0,506.0,47.90630005300045,47.90630005300045,20.874081256403944,50000,
capvi,5,2,search_dp,ok,12855.0,8366.0,129.0,459.0,77130.0,459.0,48.4392000362277,48.4392000362277,20.64443672174808,50000,
rhodi,5,2,baseline,ok,,,,,,222.0,909.3704000115395,909.3704000115395,1.0996619199253796,50000,273.0
invlo,5,2,baseline,ok,,,,,,308.0,887.1548995375633,887.1548995375633,1.12719886969148,50000,549.0
north,5,2,baseline,ok,,,,,,480.0,906.4710000529885,906.4710000529885,1.103179252222679,50000,886.0
resti,5,2,baseline,ok,,,,,,1329.0,933.4233002737164,933.4233002737164,1.0713253030075,50000,2220.0
marke,5,2,baseline,ok,,,,,,933.0,960.6309998780489,960.6309998780489,1.040982437717447,50000,1506.0
omder,5,2,baseline,ok,,,,,,561.0,933.3921000361443,933.3921000361443,1.0713611138998032,50000,635.0
genes,5,2,baseline,ok,,,,,,506.0,920.9807002916932,920.9807002916932,1.085799083176531,50000,824.0
capvi,5,2,baseline,ok,,,,,,459.0,928.2360002398491,928.2360002398491,1.077312234972149,50000,642.0
rhodi,5,2,get_noise,ok,,,,,,163.0,8.091100491583347,8.091100491583347,123.5925818793421,50000,
invlo,5,2,get_noise,ok,,,,,,173.0,8.974299766123295,8.974299766123295,111.4293065822091,50000,
north,5,2,get_noise,ok,,,,,,362.0,10.357200168073177,10.357200168073177,96.55118987490198,50000,
resti,5,2,get_noise,ok,,,,,,862.0,11.924500577151775,11.924500577151775,83.86095447184378,50000,
marke,5,2,get_noise,ok,,,,,,813.0,11.711400002241135,11.711400002241135,85.3868879731404,50000,
omder,5,2,get_noise,ok,,,,,,358.0,9.67399962246418,9.67399962246418,103.36986138369086,50000,
genes,5,2,get_noise,ok,,,,,,392.0,9.958300739526749,9.958300739526749,100.4187387142039,50000,
capvi,5,2,get_noise,ok,,,,,,372.0,10.25449950248003,10.25449950248003,97.51816748912533,50000,
temecu,6,1,search_dp,ok,1977.0,1755.0,1.0,1.0,13839.0,1.0,8.786600083112717,8.786600083112717,113.80966364019868,50000,
nureal,6,1,search_dp,ok,1804.0,1590.0,1.0,3.0,12628.0,3.0,7.678600028157234,7.678600028157234,130.23207307751738,50000,
satani,6,1,search_dp,ok,2482.0,2198.0,3.0,4.0,17374.0,4.0,10.308999568223953,10.308999568223953,97.00262313351529,50000,
innuce,6,1,search_dp,ok,1979.0,1749.0,3.0,8.0,13853.0,8.0,8.818600326776505,8.818600326776505,113.39668007899544,50000,
compli,6,1,search_dp,ok,2319.0,1935.0,5.0,63.0,16233.0,63.0,9.164500050246716,9.164500050246716,109.11669971272238,50000,
cmaara,6,1,search_dp,ok,1760.0,1549.0,1.0,2.0,12320.0,2.0,7.681000046432018,7.681000046432018,130.1913805435427,50000,
signag,6,1,search_dp,ok,2201.0,1934.0,1.0,10.0,15407.0,10.0,9.548800066113472,9.548800066113472,104.7252003472953,50000,
syends,6,1,search_dp,ok,1777.0,1593.0,2.0,2.0,12439.0,2.0,8.891100063920021,8.891100063920021,112.47202177579669,50000,
temecu,6,1,baseline,ok,,,,,,1.0,9.973299689590931,9.973299689590931,100.26771791924529,50000,3.0
nureal,6,1,baseline,ok,,,,,,3.0,9.518899954855442,9.518899954855442,105.05415591534982,50000,3.0
satani,6,1,baseline,ok,,,,,,4.0,10.572600178420544,10.572600178420544,94.58411205609323,50000,6.0
innuce,6,1,baseline,ok,,,,,,8.0,10.693700052797794,10.693700052797794,93.5130025213649,50000,8.0
compli,6,1,baseline,ok,,,,,,63.0,10.579000227153301,10.579000227153301,94.52689087133989,50000,143.0
cmaara,6,1,baseline,ok,,,,,,2.0,11.299500241875648,11.299500241875648,88.4994892335173,50000,2.0
signag,6,1,baseline,ok,,,,,,10.0,10.656300000846386,10.656300000846386,93.84120191066074,50000,21.0
syends,6,1,baseline,ok,,,,,,2.0,10.289400815963745,10.289400815963745,97.18738903129571,50000,2.0
temecu,6,1,get_noise,ok,,,,,,1.0,0.9667007252573967,0.9667007252573967,1034.4463119480301,50000,
nureal,6,1,get_noise,ok,,,,,,2.0,0.544300302863121,0.544300302863121,1837.2210978752237,50000,
satani,6,1,get_noise,ok,,,,,,3.0,0.7042000070214272,0.7042000070214272,1420.0511076813611,50000,
innuce,6,1,get_noise,ok,,,,,,7.0,0.5807001143693924,0.5807001143693924,1722.0592441004487,50000,
compli,6,1,get_noise,ok,,,,,,44.0,0.7347995415329933,0.7347995415329933,1360.9153836891703,50000,
cmaara,6,1,get_noise,ok,,,,,,1.0,0.5360003560781479,0.5360003560781479,1865.670402379736,50000,
signag,6,1,get_noise,ok,,,,,,9.0,0.7301997393369675,0.7301997393369675,1369.4883004313522,50000,
syends,6,1,get_noise,ok,,,,,,2.0,0.5059000104665756,0.5059000104665756,1976.6751913638657,50000,
temecu,6,2,search_dp,ok,11896.0,8626.0,8.0,28.0,83272.0,28.0,57.78010003268719,57.78010003268719,17.306996689764865,50000,
nureal,6,2,search_dp,ok,12116.0,8849.0,25.0,87.0,84812.0,87.0,51.15060042589903,51.15060042589903,19.550112641369328,50000,
satani,6,2,search_dp,ok,13947.0,9350.0,50.0,149.0,97629.0,149.0,60.41810009628534,60.41810009628534,16.551331445483214,50000,
innuce,6,2,search_dp,ok,11443.0,8508.0,16.0,47.0,80101.0,47.0,49.41730014979839,49.41730014979839,20.23582828217457,50000,
compli,6,2,search_dp,ok,12275.0,8201.0,38.0,323.0,85925.0,323.0,57.095699943602085,57.095699943602085,17.51445382030133,50000,
cmaara,6,2,search_dp,ok,10332.0,7284.0,22.0,58.0,72324.0,58.0,51.157900132238865,51.157900132238865,19.547323041311003,50000,
signag,6,2,search_dp,ok,11860.0,8311.0,16.0,62.0,83020.0,62.0,56.32000043988228,56.32000043988228,17.75568167950267,50000,
syends,6,2,search_dp,ok,10853.0,7770.0,24.0,62.0,75971.0,62.0,50.52840057760477,50.52840057760477,19.790850067857097,50000,
temecu,6,2,baseline,ok,,,,,,28.0,1816.2647997960448,1816.2647997960448,0.5505805101284206,50000,41.0
nureal,6,2,baseline,ok,,,,,,87.0,1789.787500165403,1789.787500165403,0.5587255469755964,50000,106.0
satani,6,2,baseline,ok,,,,,,149.0,1768.9821999520063,1768.9821999520063,0.5652968130641058,50000,206.0
innuce,6,2,baseline,ok,,,,,,47.0,1749.9489998444915,1749.9489998444915,0.5714452250259091,50000,75.0
compli,6,2,baseline,ok,,,,,,323.0,1732.8916005790234,1732.8916005790234,0.5770701408361971,50000,827.0
cmaara,6,2,baseline,ok,,,,,,58.0,2429.432200267911,2429.432200267911,0.4116188136016814,50000,65.0
signag,6,2,baseline,ok,,,,,,62.0,1829.9729004502296,1829.9729004502296,0.5464561796264684,50000,133.0
syends,6,2,baseline,ok,,,,,,62.0,1702.415999956429,1702.415999956429,0.5874004943712897,50000,76.0
temecu,6,2,get_noise,ok,,,,,,16.0,10.73409989476204,10.73409989476204,93.16104841617637,50000,
nureal,6,2,get_noise,ok,,,,,,38.0,8.73779971152544,8.73779971152544,114.44528748821831,50000,
satani,6,2,get_noise,ok,,,,,,107.0,11.926300823688507,11.926300823688507,83.84829586167733,50000,
innuce,6,2,get_noise,ok,,,,,,32.0,8.883699774742126,8.883699774742126,112.56571308760012,50000,
compli,6,2,get_noise,ok,,,,,,219.0,10.34189946949482,10.34189946949482,96.69403603754503,50000,
cmaara,6,2,get_noise,ok,,,,,,43.0,8.681699633598328,8.681699633598328,115.1848188953673,50000,
signag,6,2,get_noise,ok,,,,,,50.0,10.120799764990807,10.120799764990807,98.80642075926974,50000,
syends,6,2,get_noise,ok,,,,,,48.0,9.100999683141708,9.100999683141708,109.87803920621556,50000,
afghani,7,1,search_dp,ok,1783.0,1604.0,1.0,4.0,14264.0,4.0,8.096800185739994,8.096800185739994,123.50557961911797,50000,
rposper,7,1,search_dp,ok,1615.0,1434.0,1.0,3.0,12920.0,3.0,7.32209999114275,7.32209999114275,136.5728412900206,50000,
ratchet,7,1,search_dp,ok,2250.0,1978.0,3.0,3.0,18000.0,3.0,10.542000643908978,10.542000643908978,94.8586548017132,50000,
mobilbs,7,1,search_dp,ok,1945.0,1719.0,2.0,2.0,15560.0,2.0,9.49969980865717,9.49969980865717,105.26648421971083,50000,
showtim,7,1,search_dp,ok,1923.0,1705.0,1.0,2.0,15384.0,2.0,9.701499715447426,9.701499715447426,103.07684681036768,50000,
serviut,7,1,search_dp,ok,2403.0,2128.0,1.0,1.0,19224.0,1.0,11.183099821209908,11.183099821209908,89.4206450794078,50000,
shimmer,7,1,search_dp,ok,1937.0,1707.0,4.0,6.0,15496.0,6.0,8.913200348615646,8.913200348615646,112.1931473418877,50000,
tueblin,7,1,search_dp,ok,1776.0,1591.0,1.0,1.0,14208.0,1.0,8.444800041615963,8.444800041615963,118.41606610837455,50000,
afghani,7,1,baseline,ok,,,,,,4.0,14.928199350833893,14.928199350833893,66.98731551599623,50000,8.0
rposper,7,1,baseline,ok,,,,,,3.0,14.759800396859646,14.759800396859646,67.75159372837888,50000,3.0
ratchet,7,1,baseline,ok,,,,,,3.0,17.886700108647346,17.886700108647346,55.907461629356035,50000,4.0
mobilbs,7,1,baseline,ok,,,,,,2.0,14.376500621438026,14.376500621438026,69.55795616276848,50000,2.0
showtim,7,1,baseline,ok,,,,,,2.0,15.190000645816326,15.190000645816326,65.83278192785481,50000,6.0
serviut,7,1,baseline,ok,,,,,,1.0,14.64889943599701,14.64889943599701,68.26451395677424,50000,2.0
shimmer,7,1,baseline,ok,,,,,,6.0,15.25569986552,15.25569986552,65.54927068669848,50000,9.0
tueblin,7,1,baseline,ok,,,,,,1.0,15.380100347101688,15.380100347101688,65.0190816335243,50000,1.0
afghani,7,1,get_noise,ok,,,,,,4.0,0.5366001278162003,0.5366001278162003,1863.5850946769183,50000,
rposper,7,1,get_noise,ok,,,,,,3.0,0.5157999694347382,0.5157999694347382,1938.7360590499716,50000,
ratchet,7,1,get_noise,ok,,,,,,3.0,0.6328001618385315,0.6328001618385315,1580.2777247948384,50000,
mobilbs,7,1,get_noise,ok,,,,,,1.0,0.5719000473618507,0.5719000473618507,1748.5572953052813,50000,
showtim,7,1,get_noise,ok,,,,,,2.0,0.6214994937181473,0.6214994937181473,1609.011769289557,50000,
serviut,7,1,get_noise,ok,,,,,,1.0,0.8363993838429451,0.8363993838429451,1195.6010720684308,50000,
shimmer,7,1,get_noise,ok,,,,,,6.0,0.5657002329826355,0.5657002329826355,1767.7206790733205,50000,
tueblin,7,1,get_noise,ok,,,,,,1.0,0.5157999694347382,0.5157999694347382,1938.7360590499716,50000,
afghani,7,2,search_dp,ok,11084.0,8415.0,1.0,4.0,88672.0,4.0,54.461400024592876,54.461400024592876,18.3616285947191,50000,
rposper,7,2,search_dp,ok,10730.0,7896.0,11.0,27.0,85840.0,27.0,51.880200393497944,51.880200393497944,19.27517612528976,50000,
ratchet,7,2,search_dp,ok,13896.0,9996.0,21.0,39.0,111168.0,39.0,71.76760025322437,71.76760025322437,13.933864257291674,50000,
mobilbs,7,2,search_dp,ok,11231.0,8173.0,2.0,10.0,89848.0,10.0,54.1419992223382,54.1419992223382,18.46994965762946,50000,
showtim,7,2,search_dp,ok,10605.0,7665.0,6.0,8.0,84840.0,8.0,53.09730023145676,53.09730023145676,18.83334925958371,50000,
serviut,7,2,search_dp,ok,13318.0,9427.0,5.0,21.0,106544.0,21.0,66.81769993156195,66.81769993156195,14.966094328662171,50000,
shimmer,7,2,search_dp,ok,10831.0,7692.0,20.0,46.0,86648.0,46.0,54.04439941048622,54.04439941048622,18.503304892050853,50000,
tueblin,7,2,search_dp,ok,10878.0,7977.0,12.0,13.0,87024.0,13.0,52.989100106060505,52.989100106060505,18.871805673212922,50000,
afghani,7,2,baseline,ok,,,,,,4.0,2911.958100274205,2911.958100274205,0.3434115346322582,50000,13.0
rposper,7,2,baseline,ok,,,,,,27.0,2943.4588998556137,2943.4588998556137,0.3397363557714542,50000,38.0
ratchet,7,2,baseline,ok,,,,,,39.0,2929.3351005762815,2929.3351005762815,0.34137439578123796,50000,70.0
mobilbs,7,2,baseline,ok,,,,,,10.0,2956.649100407958,2956.649100407958,0.33822072421851485,50000,26.0
showtim,7,2,baseline,ok,,,,,,8.0,2918.839099816978,2918.839099816978,0.3426019611915928,50000,20.0
serviut,7,2,baseline,ok,,,,,,21.0,3406.82540088892,3406.82540088892,0.29352839735757424,50000,52.0
shimmer,7,2,baseline,ok,,,,,,46.0,2937.9056999459863,2937.9056999459863,0.34037852202621244,50000,59.0
tueblin,7,2,baseline,ok,,,,,,13.0,3392.0376002788544,3392.0376002788544,0.2948080528110277,50000,15.0
afghani,7,2,get_noise,ok,,,,,,4.0,9.631800465285778,9.631800465285778,103.82274877933008,50000,
rposper,7,2,get_noise,ok,,,,,,27.0,8.955399505794048,8.955399505794048,111.66447676097651,50000,
ratchet,7,2,get_noise,ok,,,,,,38.0,11.963299475610256,11.963299475610256,83.58897994978005,50000,
mobilbs,7,2,get_noise,ok,,,,,,8.0,10.037099942564964,10.037099942564964,99.6303718925062,50000,
showtim,7,2,get_noise,ok,,,,,,8.0,9.04189981520176,9.04189981520176,110.59622650526859,50000,
serviut,7,2,get_noise,ok,,,,,,20.0,11.826700530946255,11.826700530946255,84.55443658046104,50000,
shimmer,7,2,get_noise,ok,,,,,,38.0,10.371499694883823,10.371499694883823,96.41807158257855,50000,
tueblin,7,2,get_noise,ok,,,,,,13.0,8.43650009483099,8.43650009483099,118.53256549036206,50000,
et,2,1,search_dp,ok,30191.0,1042.0,48.0,12579.0,90573.0,12579.0,36.80860064923763,36.80860064923763,27.16756362268044,100000,
rn,2,1,search_dp,ok,34053.0,961.0,42.0,13127.0,102159.0,13127.0,45.83819955587387,45.83819955587387,21.81586558130546,100000,
di,2,1,search_dp,ok,43002.0,926.0,44.0,17508.0,129006.0,17508.0,40.354699827730656,40.354699827730656,24.78026114105369,100000,
hu,2,1,search_dp,ok,32158.0,858.0,41.0,12668.0,96474.0,12668.0,31.721600331366062,31.721600331366062,31.524260742015844,100000,
ex,2,1,search_dp,ok,12628.0,1059.0,45.0,4811.0,37884.0,4811.0,11.608799919486046,11.608799919486046,86.14154838877374,100000,
oc,2,1,search_dp,ok,32001.0,1048.0,47.0,13572.0,96003.0,13572.0,30.10299988090992,30.10299988090992,33.21928060180337,100000,
ri,2,1,search_dp,ok,46925.0,955.0,45.0,19237.0,140775.0,19237.0,43.043299578130245,43.043299578130245,23.232419675095898,100000,
di,2,1,search_dp,ok,43002.0,926.0,44.0,17508.0,129006.0,17508.0,42.807700112462044,42.807700112462044,23.36028325214517,100000,
et,2,1,baseline,ok,,,,,,12579.0,8.34559928625822,8.34559928625822,119.82362987959293,100000,18001.0
rn,2,1,baseline,ok,,,,,,13127.0,8.907899260520935,8.907899260520935,112.25991344916937,100000,18531.0
di,2,1,baseline,ok,,,,,,17508.0,7.285899482667446,7.285899482667446,137.25141314108402,100000,24401.0
hu,2,1,baseline,ok,,,,,,12668.0,4.251900129020214,4.251900129020214,235.18896720427787,100000,17101.0
ex,2,1,baseline,ok,,,,,,4811.0,3.419499844312668,3.419499844312668,292.44042857998835,100000,9570.0
oc,2,1,baseline,ok,,,,,,13572.0,5.2089998498559,5.2089998498559,191.975432678821,100000,19097.0
ri,2,1,baseline,ok,,,,,,19237.0,11.02839969098568,11.02839969098568,90.67498712595386,100000,25101.0
di,2,1,baseline,ok,,,,,,17508.0,6.006800569593906,6.006800569593906,166.4779758232602,100000,24401.0
et,2,1,get_noise,ok,,,,,,5056.0,9.430400095880032,9.430400095880032,106.04003964125357,100000,
rn,2,1,get_noise,ok,,,,,,4735.0,7.370099425315857,7.370099425315857,135.6833798693487,100000,
di,2,1,get_noise,ok,,,,,,7318.0,12.764399871230125,12.764399871230125,78.3428919563947,100000,
hu,2,1,get_noise,ok,,,,,,5471.0,8.79610050469637,8.79610050469637,113.68674101280278,100000,
ex,2,1,get_noise,ok,,,,,,2145.0,3.8489000871777534,3.8489000871777534,259.8144865675795,100000,
oc,2,1,get_noise,ok,,,,,,4684.0,9.910699911415577,9.910699911415577,100.90104724573048,100000,
ri,2,1,get_noise,ok,,,,,,7833.0,13.977199792861938,13.977199792861938,71.54508877455505,100000,
di,2,1,get_noise,ok,,,,,,7318.0,15.205400064587593,15.205400064587593,65.76610912914657,100000,
loc,3,1,search_dp,ok,5120.0,1854.0,54.0,1375.0,20480.0,1375.0,8.486700244247913,8.486700244247913,117.83142696453508,100000,
atl,3,1,search_dp,ok,5221.0,2208.0,61.0,1250.0,20884.0,1250.0,8.427299559116364,8.427299559116364,118.66197386068166,100000,
smu,3,1,search_dp,ok,8064.0,1898.0,43.0,2431.0,32256.0,2431.0,17.39920023828745,17.39920023828745,57.47390605916878,100000,
can,3,1,search_dp,ok,15009.0,2056.0,62.0,5454.0,60036.0,5454.0,28.377000242471695,28.377000242471695,35.23980658474625,100000,
mar,3,1,search_dp,ok,14297.0,1978.0,60.0,5310.0,57188.0,5310.0,25.902999565005302,25.902999565005302,38.60556757106193,100000,
art,3,1,search_dp,ok,7380.0,2342.0,68.0,2060.0,29520.0,2060.0,9.590200148522854,9.590200148522854,104.27311052043336,100000,
mal,3,1,search_dp,ok,12674.0,1989.0,50.0,4456.0,50696.0,4456.0,24.724099785089493,24.724099785089493,40.44636644781202,100000,
czn,3,1,search_dp,ok,4721.0,1515.0,26.0,1375.0,18884.0,1375.0,6.463900208473206,6.463900208473206,154.7053586454119,100000,
loc,3,1,baseline,ok,,,,,,1375.0,2.193199470639229,2.193199470639229,455.9548793382394,100000,2099.0
atl,3,1,baseline,ok,,,,,,1250.0,2.23349966108799,2.23349966108799,447.7278494472109,100000,1818.0
smu,3,1,baseline,ok,,,,,,2431.0,2.324700355529785,2.324700355529785,430.1629660017435,100000,2708.0
can,3,1,baseline,ok,,,,,,5454.0,3.2847002148628235,3.2847002148628235,304.44178603427355,100000,7319.0
mar,3,1,baseline,ok,,,,,,5310.0,3.6876993253827095,3.6876993253827095,271.1717826659363,100000,7725.0
art,3,1,baseline,ok,,,,,,2060.0,2.9012002050876617,2.9012002050876617,344.6849335824393,100000,2929.0
mal,3,1,baseline,ok,,,,,,4456.0,2.9763001948595047,2.9763001948595047,335.9876136577697,100000,6593.0
czn,3,1,baseline,ok,,,,,,1375.0,2.268199808895588,2.268199808895588,440.8782665786888,100000,1389.0
loc,3,1,get_noise,ok,,,,,,884.0,2.154800109565258,2.154800109565258,464.08016946024526,100000,
atl,3,1,get_noise,ok,,,,,,720.0,1.8251994624733925,1.8251994624733925,547.8853246235699,100000,
smu,3,1,get_noise,ok,,,,,,957.0,2.0516999065876007,2.0516999065876007,487.40071429998056,100000,
can,3,1,get_noise,ok,,,,,,2616.0,5.443500354886055,5.443500354886055,183.70532466345955,100000,
mar,3,1,get_noise,ok,,,,,,3077.0,5.111100152134895,5.111100152134895,195.65259342106654,100000,
art,3,1,get_noise,ok,,,,,,1107.0,2.3026997223496437,2.3026997223496437,434.2728625422395,100000,
mal,3,1,get_noise,ok,,,,,,2506.0,4.983500577509403,4.983500577509403,200.66216195760302,100000,
czn,3,1,get_noise,ok,,,,,,439.0,1.1124005541205406,1.1124005541205406,898.9567618389007,100000,
loc,3,2,search_dp,ok,82469.0,7851.0,514.0,31213.0,329876.0,31213.0,92.46909990906715,92.46909990906715,10.814423423428867,100000,
atl,3,2,search_dp,ok,78421.0,9922.0,601.0,28707.0,313684.0,28707.0,90.46569932252169,90.46569932252169,11.053913333879985,100000,
smu,3,2,search_dp,ok,76001.0,7537.0,366.0,28020.0,304004.0,28020.0,84.62850004434586,84.62850004434586,11.816350277695975,100000,
can,3,2,search_dp,ok,106967.0,7317.0,528.0,41356.0,427868.0,41356.0,110.17239931970835,110.17239931970835,9.076683508526564,100000,
mar,3,2,search_dp,ok,112681.0,7131.0,557.0,44598.0,450724.0,44598.0,118.06540004909039,118.06540004909039,8.469881943263735,100000,
art,3,2,search_dp,ok,90965.0,9811.0,604.0,33923.0,363860.0,33923.0,103.0389005318284,103.0389005318284,9.705072500177765,100000,
mal,3,2,search_dp,ok,96026.0,7280.0,524.0,37517.0,384104.0,37517.0,101.52419935911894,101.52419935911894,9.849868369438953,100000,
czn,3,2,search_dp,ok,67048.0,7718.0,397.0,23752.0,268192.0,23752.0,74.36409965157509,74.36409965157509,13.447348985402787,100000,
loc,3,2,baseline,ok,,,,,,31213.0,214.6586999297142,214.6586999297142,4.658557982170909,100000,59785.0
atl,3,2,baseline,ok,,,,,,28707.0,186.99049949645996,186.99049949645996,5.347865280283567,100000,54222.0
smu,3,2,baseline,ok,,,,,,28020.0,186.37620005756617,186.37620005756617,5.365491944202796,100000,58885.0
can,3,2,baseline,ok,,,,,,41356.0,188.40229976922274,188.40229976922274,5.307790834957522,100000,87691.0
mar,3,2,baseline,ok,,,,,,44598.0,193.51870007812977,193.51870007812977,5.167459266707908,100000,87333.0
art,3,2,baseline,ok,,,,,,33923.0,197.04930018633604,197.04930018633604,5.074872121110648,100000,67877.0
mal,3,2,baseline,ok,,,,,,37517.0,192.14020017534494,192.14020017534494,5.2045329352598335,100000,78362.0
czn,3,2,baseline,ok,,,,,,23752.0,195.0359996408224,195.0359996408224,5.127258566836873,100000,43809.0
loc,3,2,get_noise,ok,,,,,,14540.0,38.82550075650215,38.82550075650215,25.756267929977152,100000,
atl,3,2,get_noise,ok,,,,,,14334.0,41.555299423635006,41.555299423635006,24.06431944589093,100000,
smu,3,2,get_noise,ok,,,,,,14044.0,36.80399991571903,36.80399991571903,27.170959740517194,100000,
can,3,2,get_noise,ok,,,,,,21611.0,62.39460036158562,62.39460036158562,16.02702788710653,100000,
mar,3,2,get_noise,ok,,,,,,22465.0,66.30359962582588,66.30359962582588,15.082137404957582,100000,
art,3,2,get_noise,ok,,,,,,16649.0,47.16369975358248,47.16369975358248,21.20274713868353,100000,
mal,3,2,get_noise,ok,,,,,,20398.0,57.12909996509552,57.12909996509552,17.504214150248742,100000,
czn,3,2,get_noise,ok,,,,,,10480.0,30.6853000074625,30.6853000074625,32.58889434865572,100000,
roma,4,1,search_dp,ok,3241.0,2307.0,48.0,311.0,16205.0,311.0,8.399100042879581,8.399100042879581,119.06037490859032,100000,
aaai,4,1,search_dp,ok,2121.0,1872.0,15.0,43.0,10605.0,43.0,6.327500566840172,6.327500566840172,158.04028611875418,100000,
spec,4,1,search_dp,ok,3289.0,2194.0,20.0,358.0,16445.0,358.0,8.636999875307083,8.636999875307083,115.78094412840844,100000,
aysw,4,1,search_dp,ok,2443.0,2192.0,7.0,14.0,12215.0,14.0,7.35040009021759,7.35040009021759,136.04701617955024,100000,
carf,4,1,search_dp,ok,4116.0,2728.0,20.0,461.0,20580.0,461.0,9.75670013576746,9.75670013576746,102.49366958958406,100000,
ciao,4,1,search_dp,ok,2587.0,2279.0,15.0,38.0,12935.0,38.0,7.836000062525272,7.836000062525272,127.61612966063895,100000,
futu,4,1,search_dp,ok,2215.0,1901.0,15.0,50.0,11075.0,50.0,6.4647002145648,6.4647002145648,154.68621387067975,100000,
euuo,4,1,search_dp,ok,2353.0,2061.0,4.0,40.0,11765.0,40.0,7.032100111246109,7.032100111246109,142.20502896435542,100000,
roma,4,1,baseline,ok,,,,,,311.0,3.6889994516968727,3.6889994516968727,271.07621269502175,100000,390.0
aaai,4,1,baseline,ok,,,,,,43.0,4.4259000569581985,4.4259000569581985,225.9427432004131,100000,48.0
spec,4,1,baseline,ok,,,,,,358.0,4.222099669277668,4.222099669277668,236.84897996997867,100000,667.0
aysw,4,1,baseline,ok,,,,,,14.0,3.454199992120266,3.454199992120266,289.5026351343882,100000,14.0
carf,4,1,baseline,ok,,,,,,461.0,3.4209005534648895,3.4209005534648895,292.3206870153361,100000,871.0
ciao,4,1,baseline,ok,,,,,,38.0,3.308500163257122,3.308500163257122,302.2517608146433,100000,49.0
futu,4,1,baseline,ok,,,,,,50.0,3.5798996686935425,3.5798996686935425,279.3374375111866,100000,86.0
euuo,4,1,baseline,ok,,,,,,40.0,3.9103003218770027,3.9103003218770027,255.7348330524099,100000,40.0
roma,4,1,get_noise,ok,,,,,,243.0,1.304199919104576,1.304199919104576,766.7536129633941,100000,
aaai,4,1,get_noise,ok,,,,,,35.0,0.7378002628684044,0.7378002628684044,1355.380379118084,100000,
spec,4,1,get_noise,ok,,,,,,197.0,1.1935001239180565,1.1935001239180565,837.8717186196607,100000,
aysw,4,1,get_noise,ok,,,,,,12.0,1.1519994586706161,1.1519994586706161,868.0559634585068,100000,
carf,4,1,get_noise,ok,,,,,,312.0,2.1915994584560394,2.1915994584560394,456.28775647922924,100000,
ciao,4,1,get_noise,ok,,,,,,37.0,0.7177991792559624,0.7177991792559624,1393.1473159896254,100000,
futu,4,1,get_noise,ok,,,,,,44.0,0.970800407230854,0.970800407230854,1030.0778538530242,100000,
euuo,4,1,get_noise,ok,,,,,,24.0,0.7274001836776733,0.7274001836776733,1374.7590699580046,100000,
roma,4,2,search_dp,ok,33966.0,13276.0,583.0,7326.0,169830.0,7326.0,72.37800024449825,72.37800024449825,13.816352988780096,100000,
aaai,4,2,search_dp,ok,26071.0,13055.0,556.0,4435.0,130355.0,4435.0,62.433899380266666,62.433899380266666,16.016939674219156,100000,
spec,4,2,search_dp,ok,31214.0,11501.0,314.0,6549.0,156070.0,6549.0,85.46700049191713,85.46700049191713,11.70042231790471,100000,
aysw,4,2,search_dp,ok,21338.0,14236.0,156.0,1396.0,106690.0,1396.0,63.492399640381336,63.492399640381336,15.749916614649376,100000,
carf,4,2,search_dp,ok,33603.0,13790.0,241.0,6948.0,168015.0,6948.0,73.92270024865866,73.92270024865866,13.527644372246064,100000,
ciao,4,2,search_dp,ok,34340.0,12797.0,332.0,7494.0,171700.0,7494.0,95.62480077147484,95.62480077147484,10.457538127476058,100000,
futu,4,2,search_dp,ok,19639.0,11284.0,234.0,2234.0,98195.0,2234.0,54.856699891388416,54.856699891388416,18.229313866490596,100000,
euuo,4,2,search_dp,ok,20611.0,13807.0,254.0,1371.0,103055.0,1371.0,58.24369937181473,58.24369937181473,17.16923908998678,100000,
roma,4,2,baseline,ok,,,,,,7326.0,676.23579967767,676.23579967767,1.4787741206198388,100000,10756.0
aaai,4,2,baseline,ok,,,,,,4435.0,486.76340002566576,486.76340002566576,2.054386176009274,100000,5306.0
spec,4,2,baseline,ok,,,,,,6549.0,490.522300824523,490.522300824523,2.038643295766761,100000,11733.0
aysw,4,2,baseline,ok,,,,,,1396.0,491.11879989504814,491.11879989504814,2.0361672170026877,100000,2512.0
carf,4,2,baseline,ok,,,,,,6948.0,571.7806993052363,571.7806993052363,1.7489222724990328,100000,15396.0
ciao,4,2,baseline,ok,,,,,,7494.0,515.6805999577045,515.6805999577045,1.9391848366644366,100000,11319.0
futu,4,2,baseline,ok,,,,,,2234.0,489.5417997613549,489.5417997613549,2.0427264852306517,100000,3821.0
euuo,4,2,baseline,ok,,,,,,1371.0,571.7748003080487,571.7748003080487,1.748940316119635,100000,1833.0
roma,4,2,get_noise,ok,,,,,,3370.0,21.9138003885746,21.9138003885746,45.6333443888345,100000,
aaai,4,2,get_noise,ok,,,,,,3083.0,27.21450012177229,27.21450012177229,36.745117328095795,100000,
spec,4,2,get_noise,ok,,,,,,3355.0,21.569800563156605,21.569800563156605,46.361114794362116,100000,
aysw,4,2,get_noise,ok,,,,,,785.0,17.397399991750717,17.397399991750717,57.47985333866943,100000,
carf,4,2,get_noise,ok,,,,,,4812.0,29.37440015375614,29.37440015375614,34.0432483647544,100000,
ciao,4,2,get_noise,ok,,,,,,3170.0,22.331799380481243,22.331799380481243,44.779195037639205,100000,
futu,4,2,get_noise,ok,,,,,,1382.0,15.826900489628315,15.826900489628315,63.183565263161924,100000,
euuo,4,2,get_noise,ok,,,,,,841.0,26.159499771893024,26.159499771893024,38.22703066648263,100000,
locos,5,1,search_dp,ok,2539.0,2212.0,13.0,33.0,15234.0,33.0,18.378599546849728,18.378599546849728,54.411109913508604,100000,
turmk,5,1,search_dp,ok,2553.0,2275.0,5.0,17.0,15318.0,17.0,12.920799665153027,12.920799665153027,77.39459057607458,100000,
twiki,5,1,search_dp,ok,2281.0,1787.0,9.0,51.0,13686.0,51.0,9.075700305402279,9.075700305402279,110.18433469037684,100000,
chetk,5,1,search_dp,ok,2461.0,2121.0,4.0,38.0,14766.0,38.0,15.721100382506847,15.721100382506847,63.60877900841585,100000,
upjoh,5,1,search_dp,ok,1985.0,1810.0,1.0,1.0,11910.0,1.0,8.697200566530228,8.697200566530228,114.97952615331634,100000,
hsifl,5,1,search_dp,ok,2024.0,1801.0,1.0,1.0,12144.0,1.0,8.699700236320496,8.699700236320496,114.94648928535337,100000,
pivot,5,1,search_dp,ok,2431.0,2183.0,7.0,15.0,14586.0,15.0,9.756499901413918,9.756499901413918,102.49577308508755,100000,
supvr,5,1,search_dp,ok,2980.0,2284.0,5.0,152.0,17880.0,152.0,10.557800531387329,10.557800531387329,94.71669757608092,100000,
locos,5,1,baseline,ok,,,,,,33.0,6.500699557363987,6.500699557363987,153.8295980572123,100000,38.0
turmk,5,1,baseline,ok,,,,,,17.0,9.639900177717209,9.639900177717209,103.73551401616345,100000,21.0
twiki,5,1,baseline,ok,,,,,,51.0,7.157300598919392,7.157300598919392,139.71747954123651,100000,88.0
chetk,5,1,baseline,ok,,,,,,38.0,7.168100215494633,7.168100215494633,139.50697813046622,100000,39.0
upjoh,5,1,baseline,ok,,,,,,1.0,5.929500795900822,5.929500795900822,168.64826136650817,100000,3.0
hsifl,5,1,baseline,ok,,,,,,1.0,12.283500283956528,12.283500283956528,81.41001969170786,100000,1.0
pivot,5,1,baseline,ok,,,,,,15.0,10.417499579489231,10.417499579489231,95.99232448915826,100000,22.0
supvr,5,1,baseline,ok,,,,,,152.0,6.212899461388588,6.212899461388588,160.95544539465303,100000,152.0
locos,5,1,get_noise,ok,,,,,,27.0,1.2713000178337097,1.2713000178337097,786.5963863541795,100000,
turmk,5,1,get_noise,ok,,,,,,15.0,0.7279003039002419,0.7279003039002419,1373.8145109183101,100000,
twiki,5,1,get_noise,ok,,,,,,19.0,0.6792005151510239,0.6792005151510239,1472.3192602079293,100000,
chetk,5,1,get_noise,ok,,,,,,30.0,0.7172003388404846,0.7172003388404846,1394.3105515213845,100000,
upjoh,5,1,get_noise,ok,,,,,,1.0,0.5339998751878738,0.5339998751878738,1872.6596137277677,100000,
hsifl,5,1,get_noise,ok,,,,,,1.0,0.966300256550312,0.966300256550312,1034.8750227698333,100000,
pivot,5,1,get_noise,ok,,,,,,15.0,0.7115006446838379,0.7115006446838379,1405.4801038786966,100000,
supvr,5,1,get_noise,ok,,,,,,46.0,0.9828004986047745,0.9828004986047745,1017.5005012916076,100000,
locos,5,2,search_dp,ok,19489.0,13930.0,182.0,541.0,116934.0,541.0,82.0108000189066,82.0108000189066,12.193515973133565,100000,
turmk,5,2,search_dp,ok,18040.0,13419.0,53.0,266.0,108240.0,266.0,90.17840027809143,90.17840027809143,11.08912995702084,100000,
twiki,5,2,search_dp,ok,15581.0,11626.0,84.0,235.0,93486.0,235.0,65.82649983465672,65.82649983465672,15.191450289956238,100000,
chetk,5,2,search_dp,ok,17653.0,12631.0,49.0,409.0,105918.0,409.0,81.15139976143837,81.15139976143837,12.32264634916601,100000,
upjoh,5,2,search_dp,ok,14510.0,11359.0,17.0,78.0,87060.0,78.0,87.17969991266727,87.17969991266727,11.470560245123066,100000,
hsifl,5,2,search_dp,ok,16130.0,11911.0,52.0,272.0,96780.0,272.0,73.12900014221668,73.12900014221668,13.674465643660694,100000,
pivot,5,2,search_dp,ok,18023.0,12823.0,80.0,523.0,108138.0,523.0,76.72909926623106,76.72909926623106,13.032865100243736,100000,
supvr,5,2,search_dp,ok,18800.0,13054.0,68.0,688.0,112800.0,688.0,76.49399992078543,76.49399992078543,13.072920765492272,100000,
locos,5,2,baseline,ok,,,,,,541.0,1072.974800132215,1072.974800132215,0.9319883373558979,100000,837.0
turmk,5,2,baseline,ok,,,,,,266.0,990.6828003004193,990.6828003004193,1.0094048263447748,100000,541.0
twiki,5,2,baseline,ok,,,,,,235.0,980.3728004917502,980.3728004917502,1.0200201387659928,100000,469.0
chetk,5,2,baseline,ok,,,,,,409.0,1093.7852002680302,1093.7852002680302,0.9142562906820751,100000,985.0
upjoh,5,2,baseline,ok,,,,,,78.0,982.7904999256134,982.7904999256134,1.0175108531021506,100000,111.0
hsifl,5,2,baseline,ok,,,,,,272.0,1210.2163005620241,1210.2163005620241,0.8262985712021894,100000,352.0
pivot,5,2,baseline,ok,,,,,,523.0,1002.8601996600628,1002.8601996600628,0.9971479577502106,100000,623.0
supvr,5,2,baseline,ok,,,,,,688.0,1151.1649005115032,1151.1649005115032,0.8686852765886666,100000,1307.0
locos,5,2,get_noise,ok,,,,,,405.0,17.315000295639038,17.315000295639038,57.75339202574893,100000,
turmk,5,2,get_noise,ok,,,,,,216.0,22.391799837350845,22.391799837350845,44.65920592644549,100000,
twiki,5,2,get_noise,ok,,,,,,194.0,14.336700551211834,14.336700551211834,69.751055790551,100000,
chetk,5,2,get_noise,ok,,,,,,333.0,15.67979995161295,15.67979995161295,63.77632387440836,100000,
upjoh,5,2,get_noise,ok,,,,,,34.0,16.98060054332018,16.98060054332018,58.89073224759295,100000,
hsifl,5,2,get_noise,ok,,,,,,185.0,30.950400047004223,30.950400047004223,32.3097600832721,100000,
pivot,5,2,get_noise,ok,,,,,,265.0,29.146499931812286,29.146499931812286,34.309436890861065,100000,
supvr,5,2,get_noise,ok,,,,,,337.0,20.393400453031063,20.393400453031063,49.03547117133035,100000,
agusti,6,1,search_dp,ok,2477.0,2207.0,6.0,9.0,17339.0,9.0,12.583199888467789,12.583199888467789,79.4710414571477,100000,
appell,6,1,search_dp,ok,2612.0,2307.0,6.0,17.0,18284.0,17.0,19.021899439394474,19.021899439394474,52.57098552045721,100000,
diacri,6,1,search_dp,ok,2624.0,2308.0,4.0,19.0,18368.0,19.0,12.889000587165356,12.889000587165356,77.5855345212555,100000,
hinsod,6,1,search_dp,ok,2560.0,2286.0,2.0,2.0,17920.0,2.0,13.743800111114979,13.743800111114979,72.76008032096401,100000,
eunuch,6,1,search_dp,ok,2488.0,2265.0,1.0,2.0,17416.0,2.0,12.546800076961517,12.546800076961517,79.70159673112221,100000,
drievt,6,1,search_dp,ok,2462.0,2197.0,2.0,2.0,17234.0,2.0,12.75280024856329,12.75280024856329,78.41415065782579,100000,
pravee,6,1,search_dp,ok,2649.0,2362.0,2.0,2.0,18543.0,2.0,11.961400508880615,11.961400508880615,83.60225036002771,100000,
sabreh,6,1,search_dp,ok,2973.0,2683.0,1.0,2.0,20811.0,2.0,14.271300286054611,14.271300286054611,70.07069993314927,100000,
agusti,6,1,baseline,ok,,,,,,9.0,11.229000054299831,11.229000054299831,89.05512469180887,100000,12.0
appell,6,1,baseline,ok,,,,,,17.0,16.24040026217699,16.24040026217699,61.57483706414217,100000,29.0
diacri,6,1,baseline,ok,,,,,,19.0,16.332299448549747,16.332299448549747,61.22836549441276,100000,23.0
hinsod,6,1,baseline,ok,,,,,,2.0,10.941499844193459,10.941499844193459,91.39514821916208,100000,3.0
eunuch,6,1,baseline,ok,,,,,,2.0,12.26279977709055,12.26279977709055,81.54744578544022,100000,5.0
drievt,6,1,baseline,ok,,,,,,2.0,12.079999782145023,12.079999782145023,82.78145844655238,100000,2.0
pravee,6,1,baseline,ok,,,,,,2.0,11.346499435603619,11.346499435603619,88.13290880376282,100000,4.0
sabreh,6,1,baseline,ok,,,,,,2.0,15.750800259411335,15.750800259411335,63.48883761651953,100000,3.0
agusti,6,1,get_noise,ok,,,,,,8.0,0.7763998582959175,0.7763998582959175,1287.996113490865,100000,
appell,6,1,get_noise,ok,,,,,,16.0,0.7517999038100243,0.7517999038100243,1330.1411651320118,100000,
diacri,6,1,get_noise,ok,,,,,,7.0,1.0133003816008568,1.0133003816008568,986.8741965932705,100000,
hinsod,6,1,get_noise,ok,,,,,,2.0,0.7456997409462929,0.7456997409462929,1341.0223245230045,100000,
eunuch,6,1,get_noise,ok,,,,,,2.0,0.9011002257466316,0.9011002257466316,1109.7544661820746,100000,
drievt,6,1,get_noise,ok,,,,,,2.0,0.6877994164824486,0.6877994164824486,1453.912254119393,100000,
pravee,6,1,get_noise,ok,,,,,,2.0,0.8017998188734055,0.8017998188734055,1247.1940956597896,100000,
sabreh,6,1,get_noise,ok,,,,,,2.0,0.8076997473835945,0.8076997473835945,1238.0838340476512,100000,
agusti,6,2,search_dp,ok,19412.0,14764.0,46.0,144.0,135884.0,144.0,102.93709952384233,102.93709952384233,9.714670460171453,100000,
appell,6,2,search_dp,ok,18862.0,14409.0,40.0,164.0,132034.0,164.0,89.7070998325944,89.7070998325944,11.147389692300113,100000,
diacri,6,2,search_dp,ok,19451.0,14287.0,44.0,147.0,136157.0,147.0,91.65110066533089,91.65110066533089,10.910943706519749,100000,
hinsod,6,2,search_dp,ok,19417.0,14609.0,27.0,69.0,135919.0,69.0,85.75769979506731,85.75769979506731,11.660760519343114,100000,
eunuch,6,2,search_dp,ok,19817.0,15443.0,21.0,69.0,138719.0,69.0,90.55989980697632,90.55989980697632,11.042415043870937,100000,
drievt,6,2,search_dp,ok,18417.0,13716.0,17.0,125.0,128919.0,125.0,138.56639992445707,138.56639992445707,7.216756735725074,100000,
pravee,6,2,search_dp,ok,19159.0,14093.0,40.0,177.0,134113.0,177.0,83.49199965596199,83.49199965596199,11.977195469273829,100000,
sabreh,6,2,search_dp,ok,21201.0,15827.0,28.0,51.0,148407.0,51.0,94.07329931855202,94.07329931855202,10.630008804238802,100000,
agusti,6,2,baseline,ok,,,,,,144.0,1735.6777004897594,1735.6777004897594,0.5761438311489674,100000,209.0
appell,6,2,baseline,ok,,,,,,164.0,1853.5855999216437,1853.5855999216437,0.5394949119383927,100000,330.0
diacri,6,2,baseline,ok,,,,,,147.0,2084.98049993068,2084.98049993068,0.4796207926324718,100000,212.0
hinsod,6,2,baseline,ok,,,,,,69.0,1876.608300022781,1876.608300022781,0.5328762533917497,100000,96.0
eunuch,6,2,baseline,ok,,,,,,69.0,1938.8856003060937,1938.8856003060937,0.5157601871106419,100000,75.0
drievt,6,2,baseline,ok,,,,,,125.0,1772.9518003761768,1772.9518003761768,0.5640311258252055,100000,166.0
pravee,6,2,baseline,ok,,,,,,177.0,1785.7996998354793,1785.7996998354793,0.5599732154127516,100000,315.0
sabreh,6,2,baseline,ok,,,,,,51.0,1894.0264005213976,1894.0264005213976,0.5279757450713014,100000,76.0
agusti,6,2,get_noise,ok,,,,,,111.0,13.818499632179737,13.818499632179737,72.36675663914025,100000,
appell,6,2,get_noise,ok,,,,,,137.0,16.35309960693121,16.35309960693121,61.15048669893463,100000,
diacri,6,2,get_noise,ok,,,,,,80.0,16.8678006157279,16.8678006157279,59.28455183822712,100000,
hinsod,6,2,get_noise,ok,,,,,,45.0,14.648299664258957,14.648299664258957,68.26730903382219,100000,
eunuch,6,2,get_noise,ok,,,,,,42.0,14.159000478684902,14.159000478684902,70.62645428294249,100000,
drievt,6,2,get_noise,ok,,,,,,103.0,16.07709936797619,16.07709936797619,62.200274882413794,100000,
pravee,6,2,get_noise,ok,,,,,,151.0,16.313400119543076,16.313400119543076,61.299299512798875,100000,
sabreh,6,2,get_noise,ok,,,,,,39.0,16.399400308728218,16.399400308728218,60.97783950476361,100000,
demonst,7,1,search_dp,ok,2757.0,2394.0,3.0,17.0,22056.0,17.0,14.976199716329575,14.976199716329575,66.77261381000626,100000,
bostetr,7,1,search_dp,ok,2712.0,2378.0,1.0,5.0,21696.0,5.0,13.76229990273714,13.76229990273714,72.66227353475368,100000,
helples,7,1,search_dp,ok,2516.0,2238.0,2.0,4.0,20128.0,4.0,11.983999982476234,11.983999982476234,83.44459291240517,100000,
radiabo,7,1,search_dp,ok,2925.0,2606.0,1.0,2.0,23400.0,2.0,17.677100375294685,17.677100375294685,56.5703638475453,100000,
assfuck,7,1,search_dp,ok,2756.0,2503.0,1.0,3.0,22048.0,3.0,15.134399756789207,15.134399756789207,66.07463897280799,100000,
perilol,7,1,search_dp,ok,2986.0,2647.0,2.0,2.0,23888.0,2.0,14.876600354909897,14.876600354909897,67.21965880262142,100000,
marcian,7,1,search_dp,ok,3253.0,2885.0,5.0,15.0,26024.0,15.0,20.328499376773834,20.328499376773834,49.19202256230197,100000,
lieholo,7,1,search_dp,ok,2549.0,2287.0,1.0,1.0,20392.0,1.0,12.018299661576748,12.018299661576748,83.20644584999509,100000,
demonst,7,1,baseline,ok,,,,,,17.0,17.07269996404648,17.07269996404648,58.57304363726342,100000,39.0
bostetr,7,1,baseline,ok,,,,,,5.0,18.1509992107749,18.1509992107749,55.093385680187474,100000,5.0
helples,7,1,baseline,ok,,,,,,4.0,15.527100302278996,15.527100302278996,64.40352548332702,100000,10.0
radiabo,7,1,baseline,ok,,,,,,2.0,14.762800186872482,14.762800186872482,67.73782665494785,100000,2.0
assfuck,7,1,baseline,ok,,,,,,3.0,14.904899522662163,14.904899522662163,67.09203228640015,100000,8.0
perilol,7,1,baseline,ok,,,,,,2.0,15.207800082862377,15.207800082862377,65.75573025364115,100000,4.0
marcian,7,1,baseline,ok,,,,,,15.0,17.27049984037876,17.27049984037876,57.90220371398752,100000,17.0
lieholo,7,1,baseline,ok,,,,,,1.0,15.096399933099747,15.096399933099747,66.24095840276735,100000,1.0
demonst,7,1,get_noise,ok,,,,,,3.0,0.7727006450295448,0.7727006450295448,1294.1622430789664,100000,
bostetr,7,1,get_noise,ok,,,,,,3.0,0.7629003375768661,0.7629003375768661,1310.7872034454892,100000,
helples,7,1,get_noise,ok,,,,,,3.0,0.6952006369829178,0.6952006369829178,1438.4336647616904,100000,
radiabo,7,1,get_noise,ok,,,,,,2.0,0.7957005873322487,0.7957005873322487,1256.7541307876968,100000,
assfuck,7,1,get_noise,ok,,,,,,3.0,0.867900438606739,0.867900438606739,1152.2058931152558,100000,
perilol,7,1,get_noise,ok,,,,,,2.0,0.851399265229702,0.851399265229702,1174.5370718991712,100000,
marcian,7,1,get_noise,ok,,,,,,15.0,1.5309005975723267,1.5309005975723267,653.2102747792908,100000,
lieholo,7,1,get_noise,ok,,,,,,1.0,1.1301999911665916,1.1301999911665916,884.7991575082218,100000,
demonst,7,2,search_dp,ok,19071.0,14079.0,21.0,60.0,152568.0,60.0,105.02269957214594,105.02269957214594,9.52175105071494,100000,
bostetr,7,2,search_dp,ok,19736.0,14473.0,23.0,46.0,157888.0,46.0,101.85259953141212,101.85259953141212,9.818109744872956,100000,
helples,7,2,search_dp,ok,18784.0,14430.0,23.0,42.0,150272.0,42.0,101.34090017527342,101.34090017527342,9.867684205197085,100000,
radiabo,7,2,search_dp,ok,22361.0,16685.0,7.0,60.0,178888.0,60.0,122.94960021972656,122.94960021972656,8.133414002264935,100000,
assfuck,7,2,search_dp,ok,19068.0,14668.0,2.0,4.0,152544.0,4.0,99.39530026167631,99.39530026167631,10.060837860213883,100000,
perilol,7,2,search_dp,ok,21261.0,15692.0,14.0,32.0,170088.0,32.0,110.68619973957539,110.68619973957539,9.034549947083008,100000,
marcian,7,2,search_dp,ok,22317.0,16318.0,50.0,152.0,178536.0,152.0,113.83750010281801,113.83750010281801,8.784451512874055,100000,
lieholo,7,2,search_dp,ok,19809.0,15069.0,2.0,2.0,158472.0,2.0,114.14659954607487,114.14659954607487,8.760663952992779,100000,
demonst,7,2,baseline,ok,,,,,,60.0,3051.8322000280023,3051.8322000280023,0.3276720128946881,100000,119.0
bostetr,7,2,baseline,ok,,,,,,46.0,3426.6168996691704,3426.6168996691704,0.29183303219468365,100000,59.0
helples,7,2,baseline,ok,,,,,,42.0,3772.0327004790306,3772.0327004790306,0.26510904846424177,100000,71.0
radiabo,7,2,baseline,ok,,,,,,60.0,3200.5413994193077,3200.5413994193077,0.3124471379065541,100000,104.0
assfuck,7,2,baseline,ok,,,,,,4.0,3105.1310999318957,3105.1310999318957,0.32204759406838984,100000,14.0
perilol,7,2,baseline,ok,,,,,,32.0,3269.3054992705584,3269.3054992705584,0.305875361058524,100000,57.0
marcian,7,2,baseline,ok,,,,,,152.0,3250.7603000849485,3250.7603000849485,0.30762034345438144,100000,208.0
lieholo,7,2,baseline,ok,,,,,,2.0,3560.065400786698,3560.065400786698,0.2808937161039293,100000,4.0
demonst,7,2,get_noise,ok,,,,,,27.0,15.460699796676636,15.460699796676636,64.6801252951665,100000,
bostetr,7,2,get_noise,ok,,,,,,41.0,17.67020020633936,17.67020020633936,56.59245443304259,100000,
helples,7,2,get_noise,ok,,,,,,36.0,22.328500635921955,22.328500635921955,44.785810579291926,100000,
radiabo,7,2,get_noise,ok,,,,,,27.0,22.10810035467148,22.10810035467148,45.232289701846696,100000,
assfuck,7,2,get_noise,ok,,,,,,4.0,24.202700704336166,24.202700704336166,41.31770302067321,100000,
perilol,7,2,get_noise,ok,,,,,,22.0,17.80099980533123,17.80099980533123,56.17661990538922,100000,
marcian,7,2,get_noise,ok,,,,,,131.0,17.77649950236082,17.77649950236082,56.254044834147145,100000,
lieholo,7,2,get_noise,ok,,,,,,2.0,14.829300343990326,14.829300343990326,67.43406477738895,100000,
ga,2,1,search_dp,ok,198600.0,1020.0,50.0,84753.0,595800.0,84753.0,203.00790015608072,203.00790015608072,4.9259166723618115,333333,
la,2,1,search_dp,ok,201584.0,1103.0,50.0,86214.0,604752.0,86214.0,205.65020013600588,205.65020013600588,4.862625950952901,333333,
sa,2,1,search_dp,ok,243099.0,1128.0,50.0,102785.0,729297.0,102785.0,244.57939993590117,244.57939993590117,4.088651784500566,333333,
da,2,1,search_dp,ok,207213.0,1102.0,50.0,88087.0,621639.0,88087.0,217.5430003553629,217.5430003553629,4.596792350783388,333333,
pu,2,1,search_dp,ok,125464.0,1105.0,49.0,49502.0,376392.0,49502.0,126.0100994259119,126.0100994259119,7.935871843256132,333333,
ww,2,1,search_dp,ok,36971.0,625.0,26.0,13813.0,110913.0,13813.0,36.19159944355488,36.19159944355488,27.63072136559257,333333,
ra,2,1,search_dp,ok,211861.0,1114.0,50.0,90661.0,635583.0,90661.0,209.3576993793249,209.3576993793249,4.776514085532384,333333,
fo,2,1,search_dp,ok,150307.0,1066.0,50.0,61630.0,450921.0,61630.0,155.25390021502972,155.25390021502972,6.441062019150438,333333,
ga,2,1,baseline,oom,,,,,,,,,,333333,
la,2,1,baseline,oom,,,,,,,,,,333333,
sa,2,1,baseline,oom,,,,,,,,,,333333,
da,2,1,baseline,oom,,,,,,,,,,333333,
pu,2,1,baseline,oom,,,,,,,,,,333333,
ww,2,1,baseline,oom,,,,,,,,,,333333,
ra,2,1,baseline,oom,,,,,,,,,,333333,
fo,2,1,baseline,oom,,,,,,,,,,333333,
ga,2,1,get_noise,ok,,,,,,32489.0,62.5857999548316,62.5857999548316,15.978065323471197,333333,
la,2,1,get_noise,ok,,,,,,33630.0,62.13330011814833,62.13330011814833,16.09442920460478,333333,
sa,2,1,get_noise,ok,,,,,,38028.0,111.45680025219917,111.45680025219917,8.972086025592402,333333,
da,2,1,get_noise,ok,,,,,,32910.0,72.41539936512709,72.41539936512709,13.809217497481173,333333,
pu,2,1,get_noise,ok,,,,,,17761.0,40.20300041884184,40.20300041884184,24.873765380240936,333333,
ww,2,1,get_noise,ok,,,,,,5547.0,10.102099739015102,10.102099739015102,98.98932160983537,333333,
ra,2,1,get_noise,ok,,,,,,34447.0,75.96379984170198,75.96379984170198,13.164165063936522,333333,
fo,2,1,get_noise,ok,,,,,,22973.0,59.09879971295595,59.09879971295595,16.920817425345692,333333,
scx,3,1,search_dp,ok,10600.0,2665.0,49.0,3137.0,42400.0,3137.0,24.882299825549126,24.882299825549126,40.189211086235716,333333,
nif,3,1,search_dp,ok,9225.0,2483.0,61.0,2813.0,36900.0,2813.0,19.219400361180305,19.219400361180305,52.03075960787092,333333,
und,3,1,search_dp,ok,16765.0,2437.0,66.0,4577.0,67060.0,4577.0,24.5809992775321,24.5809992775321,40.68182862338047,333333,
cae,3,1,search_dp,ok,24717.0,2717.0,62.0,9127.0,98868.0,9127.0,30.12110013514757,30.12110013514757,33.1993186010203,333333,
tru,3,1,search_dp,ok,19294.0,2481.0,64.0,6808.0,77176.0,6808.0,22.734600119292736,22.734600119292736,43.98581874116155,333333,
ocm,3,1,search_dp,ok,8679.0,2494.0,54.0,2624.0,34716.0,2624.0,12.30619940906763,12.30619940906763,81.25985665917014,333333,
del,3,1,search_dp,ok,27581.0,2559.0,74.0,10101.0,110324.0,10101.0,31.134099699556828,31.134099699556828,32.119123714832654,333333,
kze,3,1,search_dp,ok,7861.0,1813.0,48.0,2449.0,31444.0,2449.0,11.510899290442467,11.510899290442467,86.87418548004351,333333,
scx,3,1,baseline,oom,,,,,,,,,,333333,
nif,3,1,baseline,oom,,,,,,,,,,333333,
und,3,1,baseline,oom,,,,,,,,,,333333,
cae,3,1,baseline,oom,,,,,,,,,,333333,
tru,3,1,baseline,oom,,,,,,,,,,333333,
ocm,3,1,baseline,oom,,,,,,,,,,333333,
del,3,1,baseline,oom,,,,,,,,,,333333,
kze,3,1,baseline,oom,,,,,,,,,,333333,
scx,3,1,get_noise,ok,,,,,,1474.0,3.21350060403347,3.21350060403347,311.1871205951653,333333,
nif,3,1,get_noise,ok,,,,,,1603.0,3.256499767303467,3.256499767303467,307.0781733321131,333333,
und,3,1,get_noise,ok,,,,,,1699.0,5.306200124323368,5.306200124323368,188.4587796483679,333333,
cae,3,1,get_noise,ok,,,,,,4521.0,14.139000326395035,14.139000326395035,70.72635808156645,333333,
tru,3,1,get_noise,ok,,,,,,3301.0,6.515400484204292,6.515400484204292,153.4825069348177,333333,
ocm,3,1,get_noise,ok,,,,,,1124.0,2.4441005662083626,2.4441005662083626,409.14846705810584,333333,
del,3,1,get_noise,ok,,,,,,4963.0,10.72620041668415,10.72620041668415,93.22965832752317,333333,
kze,3,1,get_noise,ok,,,,,,1467.0,3.3142995089292526,3.3142995089292526,301.72288210701544,333333,
scx,3,2,search_dp,ok,188782.0,16848.0,452.0,71029.0,755128.0,71029.0,239.09009993076324,239.09009993076324,4.1825236607019045,333333,
nif,3,2,search_dp,ok,191804.0,16391.0,677.0,71092.0,767216.0,71092.0,241.83439929038286,241.83439929038286,4.135061029093918,333333,
und,3,2,search_dp,ok,176068.0,16551.0,820.0,63458.0,704272.0,63458.0,220.6168007105589,220.6168007105589,4.532746358297359,333333,
cae,3,2,search_dp,ok,421970.0,15298.0,773.0,167693.0,1687880.0,167693.0,468.93610060214996,468.93610060214996,2.1324867049389526,333333,
tru,3,2,search_dp,ok,239495.0,16003.0,686.0,90075.0,957980.0,90075.0,285.04430036991835,285.04430036991835,3.5082266114503695,333333,
ocm,3,2,search_dp,ok,215307.0,18247.0,777.0,81841.0,861228.0,81841.0,264.91749938577414,264.91749938577414,3.774760075565243,333333,
del,3,2,search_dp,ok,293634.0,15141.0,843.0,112170.0,1174536.0,112170.0,350.64039938151836,350.64039938151836,2.8519246548996153,333333,
kze,3,2,search_dp,ok,233361.0,12215.0,700.0,88337.0,933444.0,88337.0,284.1381998732686,284.1381998732686,3.5194141458136228,333333,
scx,3,2,baseline,oom,,,,,,,,,,333333,
nif,3,2,baseline,oom,,,,,,,,,,333333,
und,3,2,baseline,oom,,,,,,,,,,333333,
cae,3,2,baseline,oom,,,,,,,,,,333333,
tru,3,2,baseline,oom,,,,,,,,,,333333,
ocm,3,2,baseline,oom,,,,,,,,,,333333,
del,3,2,baseline,oom,,,,,,,,,,333333,
kze,3,2,baseline,oom,,,,,,,,,,333333,
scx,3,2,get_noise,ok,,,,,,32605.0,88.03309965878725,88.03309965878725,11.35936373791176,333333,
nif,3,2,get_noise,ok,,,,,,33707.0,99.73029978573322,99.73029978573322,10.027042956337866,333333,
und,3,2,get_noise,ok,,,,,,26124.0,85.9647998586297,85.9647998586297,11.632668274043722,333333,
cae,3,2,get_noise,ok,,,,,,77654.0,294.97240018099546,294.97240018099546,3.390147686313698,333333,
tru,3,2,get_noise,ok,,,,,,41814.0,119.16969995945692,119.16969995945692,8.39139479532308,333333,
ocm,3,2,get_noise,ok,,,,,,30712.0,91.73460025340319,91.73460025340319,10.901012237886782,333333,
del,3,2,get_noise,ok,,,,,,52162.0,205.08679933845997,205.08679933845997,4.875984233142546,333333,
kze,3,2,get_noise,ok,,,,,,34607.0,90.96390008926392,90.96390008926392,10.993372085175421,333333,
geos,4,1,search_dp,ok,5349.0,2931.0,44.0,775.0,26745.0,775.0,18.62739957869053,18.62739957869053,53.68435866614389,333333,
dali,4,1,search_dp,ok,6736.0,3439.0,70.0,1359.0,33680.0,1359.0,16.200900077819824,16.200900077819824,61.72496560046504,333333,
bang,4,1,search_dp,ok,7461.0,3512.0,52.0,1550.0,37305.0,1550.0,17.904399894177914,17.904399894177914,55.8521930871962,333333,
anli,4,1,search_dp,ok,6947.0,3371.0,72.0,1238.0,34735.0,1238.0,22.11100049316883,22.11100049316883,45.22635691265752,333333,
fran,4,1,search_dp,ok,9129.0,2950.0,49.0,2360.0,45645.0,2360.0,22.808299399912357,22.808299399912357,43.843689635354515,333333,
obgi,4,1,search_dp,ok,3254.0,2693.0,22.0,146.0,16270.0,146.0,10.200999677181244,10.200999677181244,98.02960804291698,333333,
dupl,4,1,search_dp,ok,3807.0,2851.0,31.0,315.0,19035.0,315.0,11.43569964915514,11.43569964915514,87.44545857969251,333333,
cout,4,1,search_dp,ok,9015.0,3364.0,61.0,2095.0,45075.0,2095.0,17.1443996950984,17.1443996950984,58.32808484311649,333333,
geos,4,1,baseline,oom,,,,,,,,,,333333,
dali,4,1,baseline,oom,,,,,,,,,,333333,
bang,4,1,baseline,oom,,,,,,,,,,333333,
anli,4,1,baseline,oom,,,,,,,,,,333333,
fran,4,1,baseline,oom,,,,,,,,,,333333,
obgi,4,1,baseline,oom,,,,,,,,,,333333,
dupl,4,1,baseline,oom,,,,,,,,,,333333,
cout,4,1,baseline,oom,,,,,,,,,,333333,
geos,4,1,get_noise,ok,,,,,,431.0,1.9509997218847275,1.9509997218847275,512.5577358022216,333333,
dali,4,1,get_noise,ok,,,,,,990.0,2.596399746835232,2.596399746835232,385.14870493994863,333333,
bang,4,1,get_noise,ok,,,,,,1074.0,2.7840007096529007,2.7840007096529007,359.1953107385078,333333,
anli,4,1,get_noise,ok,,,,,,687.0,2.2513996809720993,2.2513996809720993,444.1681361384152,333333,
fran,4,1,get_noise,ok,,,,,,1180.0,3.3712005242705345,3.3712005242705345,296.63023388867725,333333,
obgi,4,1,get_noise,ok,,,,,,109.0,0.9522000327706337,0.9522000327706337,1050.1995017688478,333333,
dupl,4,1,get_noise,ok,,,,,,226.0,1.4635995030403137,1.4635995030403137,683.2470207339609,333333,
cout,4,1,get_noise,ok,,,,,,985.0,2.918599173426628,2.918599173426628,342.63012513154865,333333,
geos,4,2,search_dp,ok,76839.0,26498.0,956.0,18297.0,384195.0,18297.0,173.86929970234632,173.86929970234632,5.751446642460396,333333,
dali,4,2,search_dp,ok,106827.0,28090.0,1211.0,30605.0,534135.0,30605.0,198.0240996927023,198.0240996927023,5.049890399965558,333333,
bang,4,2,search_dp,ok,83241.0,28404.0,656.0,20774.0,416205.0,20774.0,177.1947992965579,177.1947992965579,5.643506490991158,333333,
anli,4,2,search_dp,ok,90929.0,32200.0,1224.0,21860.0,454645.0,21860.0,197.76569958776236,197.76569958776236,5.0564885725101725,333333,
fran,4,2,search_dp,ok,95664.0,24206.0,896.0,27767.0,478320.0,27767.0,206.07149973511696,206.07149973511696,4.85268463269008,333333,
obgi,4,2,search_dp,ok,52004.0,25389.0,619.0,8864.0,260020.0,8864.0,151.9095003604889,151.9095003604889,6.582866757029348,333333,
dupl,4,2,search_dp,ok,54810.0,23863.0,623.0,10612.0,274050.0,10612.0,130.95230050384998,130.95230050384998,7.636368327646142,333333,
cout,4,2,search_dp,ok,92446.0,27580.0,802.0,23817.0,462230.0,23817.0,173.51699993014336,173.51699993014336,5.763124076618386,333333,
geos,4,2,baseline,oom,,,,,,,,,,333333,
dali,4,2,baseline,oom,,,,,,,,,,333333,
bang,4,2,baseline,oom,,,,,,,,,,333333,
anli,4,2,baseline,oom,,,,,,,,,,333333,
fran,4,2,baseline,oom,,,,,,,,,,333333,
obgi,4,2,baseline,oom,,,,,,,,,,333333,
dupl,4,2,baseline,oom,,,,,,,,,,333333,
cout,4,2,baseline,oom,,,,,,,,,,333333,
geos,4,2,get_noise,ok,,,,,,10946.0,46.80459946393967,46.80459946393967,21.365421592175878,333333,
dali,4,2,get_noise,ok,,,,,,17012.0,65.88319968432188,65.88319968432188,15.17837635074619,333333,
bang,4,2,get_noise,ok,,,,,,13946.0,75.1950005069375,75.1950005069375,13.298756476605647,333333,
anli,4,2,get_noise,ok,,,,,,12002.0,57.63209983706474,57.63209983706474,17.351441346526702,333333,
fran,4,2,get_noise,ok,,,,,,15675.0,60.23749988526106,60.23749988526106,16.600954586508006,333333,
obgi,4,2,get_noise,ok,,,,,,4655.0,32.91269950568676,32.91269950568676,30.38340868476063,333333,
dupl,4,2,get_noise,ok,,,,,,5665.0,35.00679973512888,35.00679973512888,28.565878845432213,333333,
cout,4,2,get_noise,ok,,,,,,13271.0,54.05599996447563,54.05599996447563,18.499334036132478,333333,
deers,5,1,search_dp,ok,4119.0,3567.0,35.0,79.0,24714.0,79.0,15.529099851846695,15.529099851846695,64.39523279136374,333333,
takae,5,1,search_dp,ok,4118.0,3543.0,8.0,109.0,24708.0,109.0,22.763799875974655,22.763799875974655,43.92939691300919,333333,
digic,5,1,search_dp,ok,4264.0,3382.0,9.0,180.0,25584.0,180.0,22.06339966505766,22.06339966505766,45.32393081668752,333333,
listb,5,1,search_dp,ok,4361.0,3641.0,10.0,118.0,26166.0,118.0,17.613100819289684,17.613100819289684,56.775919825815706,333333,
apque,5,1,search_dp,ok,3394.0,3008.0,18.0,57.0,20364.0,57.0,12.182099744677544,12.182099744677544,82.08765491654326,333333,
aldne,5,1,search_dp,ok,3981.0,3523.0,18.0,64.0,23886.0,64.0,15.985500067472458,15.985500067472458,62.55669173808428,333333,
glenr,5,1,search_dp,ok,3607.0,2972.0,3.0,119.0,21642.0,119.0,12.689299881458282,12.689299881458282,78.8065542891936,333333,
dtret,5,1,search_dp,ok,3292.0,2892.0,9.0,40.0,19752.0,40.0,24.66579992324114,24.66579992324114,40.54196511412381,333333,
deers,5,1,baseline,oom,,,,,,,,,,333333,
takae,5,1,baseline,oom,,,,,,,,,,333333,
digic,5,1,baseline,oom,,,,,,,,,,333333,
listb,5,1,baseline,oom,,,,,,,,,,333333,
apque,5,1,baseline,oom,,,,,,,,,,333333,
aldne,5,1,baseline,oom,,,,,,,,,,333333,
glenr,5,1,baseline,oom,,,,,,,,,,333333,
dtret,5,1,baseline,oom,,,,,,,,,,333333,
deers,5,1,get_noise,ok,,,,,,69.0,1.395300030708313,1.395300030708313,716.6917351047128,333333,
takae,5,1,get_noise,ok,,,,,,96.0,2.360999584197998,2.360999584197998,423.54941809093435,333333,
digic,5,1,get_noise,ok,,,,,,121.0,1.2345006689429283,1.2345006689429283,810.0441135088851,333333,
listb,5,1,get_noise,ok,,,,,,90.0,1.5289997681975365,1.5289997681975365,654.0223359084295,333333,
apque,5,1,get_noise,ok,,,,,,53.0,1.0227002203464508,1.0227002203464508,977.8036418739003,333333,
aldne,5,1,get_noise,ok,,,,,,49.0,1.047699712216854,1.047699712216854,954.4719620892851,333333,
glenr,5,1,get_noise,ok,,,,,,97.0,1.3221008703112602,1.3221008703112602,756.3719398842628,333333,
dtret,5,1,get_noise,ok,,,,,,30.0,1.2333998456597328,1.2333998456597328,810.7670870228708,333333,
deers,5,2,search_dp,ok,45006.0,29798.0,560.0,3307.0,270036.0,3307.0,171.09849955886602,171.09849955886602,5.8445866128472534,333333,
takae,5,2,search_dp,ok,43514.0,32414.0,320.0,1700.0,261084.0,1700.0,167.40689985454082,167.40689985454082,5.9734694380512146,333333,
digic,5,2,search_dp,ok,40436.0,29051.0,241.0,1765.0,242616.0,1765.0,153.13190035521984,153.13190035521984,6.530317965625069,333333,
listb,5,2,search_dp,ok,46820.0,32890.0,198.0,2357.0,280920.0,2357.0,206.90010022372007,206.90010022372007,4.833250437862064,333333,
apque,5,2,search_dp,ok,38504.0,29735.0,215.0,1311.0,231024.0,1311.0,152.91619952768087,152.91619952768087,6.539529514130908,333333,
aldne,5,2,search_dp,ok,48454.0,35044.0,428.0,2421.0,290724.0,2421.0,179.7478999942541,179.7478999942541,5.563347332747512,333333,
glenr,5,2,search_dp,ok,39544.0,27795.0,202.0,2128.0,237264.0,2128.0,154.28810007870197,154.28810007870197,6.481381256816971,333333,
dtret,5,2,search_dp,ok,41296.0,27709.0,253.0,2794.0,247776.0,2794.0,152.0514003932476,152.0514003932476,6.576723380473441,333333,
deers,5,2,baseline,oom,,,,,,,,,,333333,
takae,5,2,baseline,oom,,,,,,,,,,333333,
digic,5,2,baseline,oom,,,,,,,,,,333333,
listb,5,2,baseline,oom,,,,,,,,,,333333,
apque,5,2,baseline,oom,,,,,,,,,,333333,
aldne,5,2,baseline,oom,,,,,,,,,,333333,
glenr,5,2,baseline,oom,,,,,,,,,,333333,
dtret,5,2,baseline,oom,,,,,,,,,,333333,
deers,5,2,get_noise,ok,,,,,,2057.0,31.11720085144043,31.11720085144043,32.136566678159596,333333,
takae,5,2,get_noise,ok,,,,,,1396.0,30.190099962055683,30.190099962055683,33.123441169682984,333333,
digic,5,2,get_noise,ok,,,,,,987.0,29.289500787854195,29.289500787854195,34.141927076294905,333333,
listb,5,2,get_noise,ok,,,,,,1286.0,29.998300597071648,29.998300597071648,33.335221665777205,333333,
apque,5,2,get_noise,ok,,,,,,755.0,24.44859966635704,24.44859966635704,40.902138103887765,333333,
aldne,5,2,get_noise,ok,,,,,,1593.0,32.52329956740141,32.52329956740141,30.747187810006675,333333,
glenr,5,2,get_noise,ok,,,,,,1575.0,27.93850004673004,27.93850004673004,35.79290220761301,333333,
dtret,5,2,get_noise,ok,,,,,,1560.0,25.863799266517162,25.863799266517162,38.66407984748718,333333,
wwwcom,6,1,search_dp,ok,2431.0,2003.0,10.0,38.0,17017.0,38.0,10.596899315714836,10.596899315714836,94.3672266959293,333333,
delaoc,6,1,search_dp,ok,4381.0,3927.0,5.0,13.0,30667.0,13.0,21.36059943586588,21.36059943586588,46.815165604432096,333333,
bristl,6,1,search_dp,ok,3843.0,3397.0,8.0,27.0,26901.0,27.0,17.071000300347805,17.071000300347805,58.57887542651065,333333,
dwsorg,6,1,search_dp,ok,2884.0,2608.0,1.0,4.0,20188.0,4.0,12.67670001834631,12.67670001834631,78.8848831756493,333333,
jangel,6,1,search_dp,ok,3814.0,3287.0,13.0,92.0,26698.0,92.0,16.384500078856945,16.384500078856945,61.03329336794537,333333,
posess,6,1,search_dp,ok,4074.0,3629.0,5.0,27.0,28518.0,27.0,18.592000007629395,18.592000007629395,53.78657484884042,333333,
cassid,6,1,search_dp,ok,4647.0,4126.0,10.0,47.0,32529.0,47.0,20.565000362694263,20.565000362694263,48.626305974399116,333333,
geugeo,6,1,search_dp,ok,3245.0,2957.0,2.0,3.0,22715.0,3.0,15.658000484108925,15.658000484108925,63.86511489860313,333333,
wwwcom,6,1,baseline,oom,,,,,,,,,,333333,
delaoc,6,1,baseline,oom,,,,,,,,,,333333,
bristl,6,1,baseline,oom,,,,,,,,,,333333,
dwsorg,6,1,baseline,oom,,,,,,,,,,333333,
jangel,6,1,baseline,oom,,,,,,,,,,333333,
posess,6,1,baseline,oom,,,,,,,,,,333333,
cassid,6,1,baseline,oom,,,,,,,,,,333333,
geugeo,6,1,baseline,oom,,,,,,,,,,333333,
wwwcom,6,1,get_noise,ok,,,,,,11.0,0.8252998813986778,0.8252998813986778,1211.680775120492,333333,
delaoc,6,1,get_noise,ok,,,,,,11.0,1.7772000283002853,1.7772000283002853,562.6828629731682,333333,
bristl,6,1,get_noise,ok,,,,,,21.0,1.8052998930215836,1.8052998930215836,553.9245882999918,333333,
dwsorg,6,1,get_noise,ok,,,,,,0.0,0.7386999204754829,0.7386999204754829,1353.7296705762803,333333,
jangel,6,1,get_noise,ok,,,,,,84.0,1.1863000690937042,1.1863000690937042,842.9570443875708,333333,
posess,6,1,get_noise,ok,,,,,,26.0,1.19829922914505,1.19829922914505,834.5161005515038,333333,
cassid,6,1,get_noise,ok,,,,,,45.0,1.7323996871709824,1.7323996871709824,577.2339994086499,333333,
geugeo,6,1,get_noise,ok,,,,,,3.0,0.8299993351101875,0.8299993351101875,1204.820242256271,333333,
wwwcom,6,2,search_dp,ok,22343.0,16682.0,91.0,665.0,156401.0,665.0,91.80350042879581,91.80350042879581,10.892830832475884,333333,
delaoc,6,2,search_dp,ok,43657.0,33906.0,104.0,378.0,305599.0,378.0,201.1349005624652,201.1349005624652,4.971787577409701,333333,
bristl,6,2,search_dp,ok,39789.0,30463.0,126.0,588.0,278523.0,588.0,188.42959962785244,188.42959962785244,5.307021837200712,333333,
dwsorg,6,2,search_dp,ok,29736.0,23825.0,18.0,53.0,208152.0,53.0,137.3207001015544,137.3207001015544,7.282223286514402,333333,
jangel,6,2,search_dp,ok,39612.0,30626.0,244.0,892.0,277284.0,892.0,178.0348001047969,178.0348001047969,5.616879393306076,333333,
posess,6,2,search_dp,ok,43241.0,33019.0,127.0,508.0,302687.0,508.0,197.1228001639247,197.1228001639247,5.072979884459907,333333,
cassid,6,2,search_dp,ok,45589.0,35204.0,133.0,640.0,319123.0,640.0,207.171400077641,207.171400077641,4.826921088650426,333333,
geugeo,6,2,search_dp,ok,35296.0,28844.0,35.0,74.0,247072.0,74.0,186.25629972666502,186.25629972666502,5.368945917359685,333333,
wwwcom,6,2,baseline,oom,,,,,,,,,,333333,
delaoc,6,2,baseline,oom,,,,,,,,,,333333,
bristl,6,2,baseline,oom,,,,,,,,,,333333,
dwsorg,6,2,baseline,oom,,,,,,,,,,333333,
jangel,6,2,baseline,oom,,,,,,,,,,333333,
posess,6,2,baseline,oom,,,,,,,,,,333333,
cassid,6,2,baseline,oom,,,,,,,,,,333333,
geugeo,6,2,baseline,oom,,,,,,,,,,333333,
wwwcom,6,2,get_noise,ok,,,,,,244.0,17.021499574184418,17.021499574184418,58.74923038606102,333333,
delaoc,6,2,get_noise,ok,,,,,,279.0,30.380399897694588,30.380399897694588,32.9159590843926,333333,
bristl,6,2,get_noise,ok,,,,,,497.0,29.548400081694126,29.548400081694126,33.842779887751746,333333,
dwsorg,6,2,get_noise,ok,,,,,,29.0,21.24160062521696,21.24160062521696,47.07743157607672,333333,
jangel,6,2,get_noise,ok,,,,,,762.0,25.998099707067013,25.998099707067013,38.464349751230934,333333,
posess,6,2,get_noise,ok,,,,,,343.0,29.988699592649937,29.988699592649937,33.34589407288252,333333,
cassid,6,2,get_noise,ok,,,,,,535.0,33.54599978774786,33.54599978774786,29.80981357918073,333333,
geugeo,6,2,get_noise,ok,,,,,,67.0,35.026999190449715,35.026999190449715,28.54940540475003,333333,
terrase,7,1,search_dp,ok,4250.0,3807.0,7.0,20.0,34000.0,20.0,22.71100040525198,22.71100040525198,44.031525787333756,333333,
ofssell,7,1,search_dp,ok,2977.0,2708.0,1.0,1.0,23816.0,1.0,14.86039999872446,14.86039999872446,67.29293963055065,333333,
cuttino,7,1,search_dp,ok,3659.0,3308.0,1.0,5.0,29272.0,5.0,18.385600298643112,18.385600298643112,54.39039159759182,333333,
iplanbt,7,1,search_dp,ok,3402.0,3063.0,1.0,1.0,27216.0,1.0,17.426599748432636,17.426599748432636,57.383540933734984,333333,
panoram,7,1,search_dp,ok,4405.0,3991.0,3.0,11.0,35240.0,11.0,24.19729996472597,24.19729996472597,41.32692496508979,333333,
zitkaal,7,1,search_dp,ok,2632.0,2377.0,1.0,1.0,21056.0,1.0,13.816299848258495,13.816299848258495,72.37827862617263,333333,
cheapen,7,1,search_dp,ok,3834.0,3363.0,2.0,10.0,30672.0,10.0,18.41459982097149,18.41459982097149,54.30473698706984,333333,
fleegen,7,1,search_dp,ok,3328.0,3012.0,1.0,2.0,26624.0,2.0,16.523600555956364,16.523600555956364,60.519497346449945,333333,
terrase,7,1,baseline,oom,,,,,,,,,,333333,
ofssell,7,1,baseline,oom,,,,,,,,,,333333,
cuttino,7,1,baseline,oom,,,,,,,,,,333333,
iplanbt,7,1,baseline,oom,,,,,,,,,,333333,
panoram,7,1,baseline,oom,,,,,,,,,,333333,
zitkaal,7,1,baseline,oom,,,,,,,,,,333333,
cheapen,7,1,baseline,oom,,,,,,,,,,333333,
fleegen,7,1,baseline,oom,,,,,,,,,,333333,
terrase,7,1,get_noise,ok,,,,,,19.0,1.264600083231926,1.264600083231926,790.7638258605123,333333,
ofssell,7,1,get_noise,ok,,,,,,1.0,0.7806997746229172,0.7806997746229172,1280.902124613788,333333,
cuttino,7,1,get_noise,ok,,,,,,4.0,1.308799721300602,1.308799721300602,764.0588424073499,333333,
iplanbt,7,1,get_noise,ok,,,,,,1.0,0.870799645781517,0.870799645781517,1148.369782698441,333333,
panoram,7,1,get_noise,ok,,,,,,11.0,1.1413991451263428,1.1413991451263428,876.1177054231181,333333,
zitkaal,7,1,get_noise,ok,,,,,,1.0,0.7063997909426689,0.7063997909426689,1415.628958023233,333333,
cheapen,7,1,get_noise,ok,,,,,,8.0,1.7546005547046661,1.7546005547046661,569.9302883033225,333333,
fleegen,7,1,get_noise,ok,,,,,,2.0,0.8696001023054123,0.8696001023054123,1149.9538665518578,333333,
terrase,7,2,search_dp,ok,43413.0,34817.0,43.0,157.0,347304.0,157.0,244.99729927629232,244.99729927629232,4.081677646871788,333333,
ofssell,7,2,search_dp,ok,34246.0,28002.0,27.0,41.0,273968.0,41.0,180.0041003152728,180.0041003152728,5.555429005497787,333333,
cuttino,7,2,search_dp,ok,36945.0,29946.0,33.0,49.0,295560.0,49.0,191.33049994707108,191.33049994707108,5.226558234451048,333333,
iplanbt,7,2,search_dp,ok,37811.0,30181.0,14.0,109.0,302488.0,109.0,196.3128000497818,196.3128000497818,5.093911348350265,333333,
panoram,7,2,search_dp,ok,45850.0,36252.0,38.0,135.0,366800.0,135.0,237.24689986556768,237.24689986556768,4.215018196514411,333333,
zitkaal,7,2,search_dp,ok,31954.0,26652.0,1.0,1.0,255632.0,1.0,163.33760041743517,163.33760041743517,6.122289034761997,333333,
cheapen,7,2,search_dp,ok,37232.0,29374.0,42.0,121.0,297856.0,121.0,192.06249993294477,192.06249993294477,5.206638465859458,333333,
fleegen,7,2,search_dp,ok,32874.0,26421.0,30.0,52.0,262992.0,52.0,175.45569967478514,175.45569967478514,5.6994443717334,333333,
terrase,7,2,baseline,oom,,,,,,,,,,333333,
ofssell,7,2,baseline,oom,,,,,,,,,,333333,
cuttino,7,2,baseline,oom,,,,,,,,,,333333,
iplanbt,7,2,baseline,oom,,,,,,,,,,333333,
panoram,7,2,baseline,oom,,,,,,,,,,333333,
zitkaal,7,2,baseline,oom,,,,,,,,,,333333,
cheapen,7,2,baseline,oom,,,,,,,,,,333333,
fleegen,7,2,baseline,oom,,,,,,,,,,333333,
terrase,7,2,get_noise,ok,,,,,,119.0,27.800600044429302,27.800600044429302,35.970446623521006,333333,
ofssell,7,2,get_noise,ok,,,,,,38.0,21.060800179839134,21.060800179839134,47.4815767426192,333333,
cuttino,7,2,get_noise,ok,,,,,,47.0,23.445699363946915,23.445699363946915,42.65174540017036,333333,
iplanbt,7,2,get_noise,ok,,,,,,71.0,23.63119926303625,23.63119926303625,42.31693825053529,333333,
panoram,7,2,get_noise,ok,,,,,,54.0,34.293100237846375,34.293100237846375,29.16038483147654,333333,
zitkaal,7,2,get_noise,ok,,,,,,1.0,20.297200419008732,20.297200419008732,49.26787829633293,333333,
cheapen,7,2,get_noise,ok,,,,,,102.0,28.388099744915962,28.388099744915962,35.226028123953256,333333,
fleegen,7,2,get_noise,ok,,,,,,45.0,24.873199872672558,24.873199872672558,40.20391445889799,333333,
